source_twitter,target_twitter
0120iesagashi,109btt
0120iesagashi,16toyosu
0120iesagashi,1manken
0120iesagashi,2020wngn
0120iesagashi,2022Btt
0120iesagashi,2022_btt
0120iesagashi,2ldk18
0120iesagashi,30BTT1
0120iesagashi,77777AAAAAA77
0120iesagashi,7SptBBO9BiTIBd2
0120iesagashi,7ol0mLNlAA642jt
0120iesagashi,8787_38
0120iesagashi,8r8GjMpHhcfZFus
0120iesagashi,A0n3n0A
0120iesagashi,AjIqABnqyoIUZu6
0120iesagashi,AoyamaOoya
0120iesagashi,AriakeWm
0120iesagashi,Ariake_Tokyo
0120iesagashi,BTT18005432
0120iesagashi,BTT202203
0120iesagashi,BTT31549159
0120iesagashi,BTT49935649
0120iesagashi,BTT51717599
0120iesagashi,BTT74115133
0120iesagashi,BTTTTTTTTTTTB
0120iesagashi,BTT_2
0120iesagashi,Barbie_Babiro
0120iesagashi,Boss22887466
0120iesagashi,ClarteDouce
0120iesagashi,DIVpEL9Pa8KaHgr
0120iesagashi,Dq8ZLO0UCfH3coz
0120iesagashi,EyO8fs
0120iesagashi,Fn0ZyAQ03en3YDw
0120iesagashi,HK27129551
0120iesagashi,HarumiSensay
0120iesagashi,Harumi_ST_Life
0120iesagashi,Harumist_75
0120iesagashi,Hiroshi99857672
0120iesagashi,Homelnterior
0120iesagashi,Jasmine50170941
0120iesagashi,Junya__Jr
0120iesagashi,KawasakiKatasu3
0120iesagashi,Komatsuna_56789
0120iesagashi,KunitentenArc
0120iesagashi,LandHarumi
0120iesagashi,MAKUHARI_BASE
0120iesagashi,MIKE_JYERO
0120iesagashi,Manofpatience21
0120iesagashi,MansionCG
0120iesagashi,Masaking_sauna
0120iesagashi,MasamichiSugama
0120iesagashi,MikieUsachan
0120iesagashi,MitsugiYurika
0120iesagashi,Mr_Tarinn
0120iesagashi,Nontan_harumi
0120iesagashi,OL_RINA_HYBRID
0120iesagashi,OMYqICrt0SQZ7st
0120iesagashi,OlKyururun
0120iesagashi,PCtknw127
0120iesagashi,PTshinagawa
0120iesagashi,PTtachikawa
0120iesagashi,Poepoe64938368
0120iesagashi,PzW34
0120iesagashi,Qp0Hqmaru
0120iesagashi,RAxdm79xcWW7tKe
0120iesagashi,RE73167237
0120iesagashi,REI_0279
0120iesagashi,REN20210501
0120iesagashi,RLD56QYgZUM3RNl
0120iesagashi,RRrreesstar
0120iesagashi,RTFP777
0120iesagashi,ReachStock
0120iesagashi,Reina0919a
0120iesagashi,Rraf5Tp0bI3MZLY
0120iesagashi,RurannaH
0120iesagashi,Ryo_ChanBoo
0120iesagashi,SKYZandBAYZ
0120iesagashi,Sallymyk
0120iesagashi,SkyscraperVideo
0120iesagashi,SukunaBikona7
0120iesagashi,TKO_Mansion
0120iesagashi,TT48307034
0120iesagashi,Titleist_j
0120iesagashi,Tokyo_Bay_Man
0120iesagashi,Tokyo_of_Tokyo
0120iesagashi,Tokyomc6
0120iesagashi,Tower_Ryman
0120iesagashi,Tower_on_Monday
0120iesagashi,Toweraaaa
0120iesagashi,ToyosuReal
0120iesagashi,Toyosukei
0120iesagashi,ViewTokyo
0120iesagashi,WANGAN202020
0120iesagashi,WSumau
0120iesagashi,Wangan_O
0120iesagashi,XItyT1rGuzo64vm
0120iesagashi,Yin8bFs
0120iesagashi,Yukkon0125
0120iesagashi,ZuppaShinonome
0120iesagashi,ajtmwp2
0120iesagashi,akesakam
0120iesagashi,akilarc86
0120iesagashi,ariake2020tokyo
0120iesagashi,ariake_garden
0120iesagashi,asahicom
0120iesagashi,atsushikoy
0120iesagashi,ayako_suzuki
0120iesagashi,bayasset
0120iesagashi,beberry_c
0120iesagashi,bellwoodyj
0120iesagashi,bluestylecom
0120iesagashi,bntk_jp
0120iesagashi,bobobooochan
0120iesagashi,boku_yuuchan
0120iesagashi,bot05737121
0120iesagashi,bpGzOR72j8Lc5ki
0120iesagashi,branztower
0120iesagashi,btt1ldk_panda
0120iesagashi,btt2022
0120iesagashi,btt357
0120iesagashi,btt_toyosu
0120iesagashi,bttbttbttbtt
0120iesagashi,bun_sodachi
0120iesagashi,bunkyo_dady
0120iesagashi,burger129
0120iesagashi,butagorirasatu1
0120iesagashi,casandayo
0120iesagashi,chama_mnt
0120iesagashi,chiiiitanton
0120iesagashi,choconext
0120iesagashi,chuowangan
0120iesagashi,coast_chief_mgr
0120iesagashi,countrymanager8
0120iesagashi,cyan_waka
0120iesagashi,dsk_datadog
0120iesagashi,e17_chan
0120iesagashi,emoyino
0120iesagashi,exbubblemangirl
0120iesagashi,fenics2004
0120iesagashi,fuji_fujita_kun
0120iesagashi,garibenZ
0120iesagashi,gourmet_2020
0120iesagashi,hacchoborisu
0120iesagashi,haco_8_5
0120iesagashi,happierlife7
0120iesagashi,haruboo0
0120iesagashi,harum_ism
0120iesagashi,harumichiku
0120iesagashi,harumihouse
0120iesagashi,henry_beeee
0120iesagashi,heylittlem21
0120iesagashi,hirofukin
0120iesagashi,illyamama
0120iesagashi,inagaki_kizuna
0120iesagashi,inazumatakao
0120iesagashi,ito__yan
0120iesagashi,japan_ariake
0120iesagashi,jitan_mama
0120iesagashi,junichiro_asami
0120iesagashi,kachidoki_maman
0120iesagashi,kachidokimama
0120iesagashi,kachidokitoyomi
0120iesagashi,kaisou_toyosu
0120iesagashi,kakuresaitama
0120iesagashi,kanakoenomoto25
0120iesagashi,kanoaoki
0120iesagashi,kashirealestate
0120iesagashi,kaxoxo4
0120iesagashi,kei_natsui
0120iesagashi,kiarohidawa
0120iesagashi,kiiroitoriiro
0120iesagashi,kino9kuniya
0120iesagashi,kiribou06341
0120iesagashi,kirimanjaro_7th
0120iesagashi,konantower
0120iesagashi,kuso_bukken
0120iesagashi,kyuruz69545945
0120iesagashi,legopapawinelov
0120iesagashi,lifetime_s
0120iesagashi,lijason615
0120iesagashi,lilasxxxlilas
0120iesagashi,localing_toyosu
0120iesagashi,lounge0720
0120iesagashi,madame_very
0120iesagashi,maigo_wangan
0120iesagashi,makuharimarin
0120iesagashi,man_symphony
0120iesagashi,mansion_chan
0120iesagashi,mansion_prince
0120iesagashi,mansionblog
0120iesagashi,mansionfreak
0120iesagashi,mansionmania
0120iesagashi,mansionmaster
0120iesagashi,mansionwoman
0120iesagashi,maruwalks
0120iesagashi,millashinonome
0120iesagashi,minatmiraichan
0120iesagashi,minmin_isMom
0120iesagashi,misako_fp
0120iesagashi,misetemiso
0120iesagashi,miterudakedatte
0120iesagashi,miyu16120869
0120iesagashi,miyumegu2
0120iesagashi,mmd_if
0120iesagashi,nagachan1111
0120iesagashi,nagi_btt
0120iesagashi,nagoya_hudosan
0120iesagashi,nao012325
0120iesagashi,nas19672774
0120iesagashi,nekogal21
0120iesagashi,newfacekun
0120iesagashi,nhk_news
0120iesagashi,nishigakimakoto
0120iesagashi,notmarunouchiol
0120iesagashi,nowcyast
0120iesagashi,obana1044
0120iesagashi,onakaitai7676
0120iesagashi,osaka_deve
0120iesagashi,otto_morgen
0120iesagashi,physalisgp2
0120iesagashi,piyopiyoshukipi
0120iesagashi,pnpnd1111
0120iesagashi,ponkino
0120iesagashi,poodocc
0120iesagashi,rKUJ7HRXVRb1wVt
0120iesagashi,repezen_tmgw
0120iesagashi,rkoip
0120iesagashi,rosevillian_jp
0120iesagashi,saigusa_tokyo
0120iesagashi,saitoshika_west
0120iesagashi,sakusencde
0120iesagashi,sasaradani1
0120iesagashi,sepia_chan_es
0120iesagashi,setameguro
0120iesagashi,shigeru2784
0120iesagashi,shinonome_f
0120iesagashi,shinonomelife
0120iesagashi,shinonomewangan
0120iesagashi,shirokumalax
0120iesagashi,sk91813329
0120iesagashi,sora_WoMansion
0120iesagashi,sosuu
0120iesagashi,speeder68855310
0120iesagashi,stormio_cond
0120iesagashi,sumai_surfin
0120iesagashi,sumaihana
0120iesagashi,sumaiyomi
0120iesagashi,sumida_kun_san
0120iesagashi,sunde_saitama
0120iesagashi,t9qwkOkU6inNJcg
0120iesagashi,takekotakeko2
0120iesagashi,taroijichi
0120iesagashi,tatetaro
0120iesagashi,tfiro1
0120iesagashi,tochi_daisuki
0120iesagashi,tokaino_mannaka
0120iesagashi,tokyo_ariake
0120iesagashi,tokyo_kantei
0120iesagashi,tokyo_wangan
0120iesagashi,tokyobayreal
0120iesagashi,tokyomom1
0120iesagashi,tokyowanganlife
0120iesagashi,tomari_11
0120iesagashi,tomo64196748
0120iesagashi,toshin_club
0120iesagashi,toshin_maru
0120iesagashi,towermangasuki
0120iesagashi,toyo__haru
0120iesagashi,toyo_kuma
0120iesagashi,toyosu0
0120iesagashi,toyosu_ponchan
0120iesagashi,toyosu_tokyo
0120iesagashi,toyosugirl
0120iesagashi,toyosugururi
0120iesagashi,toyosukukan
0120iesagashi,toyosumap
0120iesagashi,toyosumashiro
0120iesagashi,toyosupenguin
0120iesagashi,tritongurashi
0120iesagashi,tsuki__penguin
0120iesagashi,tyowgn_obs
0120iesagashi,vegivegic
0120iesagashi,wOsgH3XYYemReiK
0120iesagashi,wXvG8M
0120iesagashi,wan_and_gan
0120iesagashi,wan_navi
0120iesagashi,wanchan20201
0120iesagashi,wangan_channel
0120iesagashi,wangan_farmer
0120iesagashi,wangan_goto
0120iesagashi,wangan_mio
0120iesagashi,wangan_sun
0120iesagashi,wanganeditor
0120iesagashi,wanganer
0120iesagashi,wangannavi
0120iesagashi,wanganpiroko
0120iesagashi,wangantomomo
0120iesagashi,wanganwifelife
0120iesagashi,wanshi_fujirock
0120iesagashi,workingmomjp
0120iesagashi,x1mansion
0120iesagashi,xoxoxowy
0120iesagashi,y62226384
0120iesagashi,yamazaki_ikki
0120iesagashi,yoch_shigematsu
0120iesagashi,yokoyurino
0120iesagashi,yomoyama_now
0120iesagashi,yotosu_btt
0120iesagashi,yoyogi_capital
0120iesagashi,yriccccc054268
0120iesagashi,yukusue000
0120iesagashi,yuta111222
0120iesagashi,yuun1215
0120iesagashi,zuboraol1440
0120sakura0120,1ivJ0AgkOFz3iAj
0120sakura0120,AFgMZg2qxgqTXlT
0120sakura0120,CRAZYharry29
0120sakura0120,CfBPJ5fyRd3t2gm
0120sakura0120,DJ_shisui
0120sakura0120,Dashige1
0120sakura0120,EcdLrrD7gauw3DI
0120sakura0120,Engel_0510
0120sakura0120,FUSIGITube
0120sakura0120,GQJAPAN
0120sakura0120,HighestGolf
0120sakura0120,HinaOkanYade
0120sakura0120,Inei9OqzhUK97U4
0120sakura0120,K8pFPG
0120sakura0120,KASAMASHINTARO
0120sakura0120,KatsuShinsyu
0120sakura0120,Kaya86913088
0120sakura0120,Kazmax_83
0120sakura0120,Kenny73232710
0120sakura0120,Kimura_takuya20
0120sakura0120,KkcY3y
0120sakura0120,MITSUAK73883357
0120sakura0120,Ma__yutan
0120sakura0120,NA83861353
0120sakura0120,NY19700416
0120sakura0120,NaotoTAKAHASH11
0120sakura0120,OFFCOURSEmoci
0120sakura0120,PGATOUR
0120sakura0120,PROMOstaffpr
0120sakura0120,Ryoot13
0120sakura0120,TVer_official
0120sakura0120,Top1Salesisart
0120sakura0120,TwinTKchan
0120sakura0120,UGFHVBCsfZKzdni
0120sakura0120,WYIOTcmSwXT4dtl
0120sakura0120,YU16249221
0120sakura0120,_HaYaTe_22
0120sakura0120,agolflv1
0120sakura0120,around30_milk
0120sakura0120,bonbon11214
0120sakura0120,chuntanu0312
0120sakura0120,dejavu_campaign
0120sakura0120,elephant__rider
0120sakura0120,freelife_blog
0120sakura0120,fuji_ayako
0120sakura0120,fumihappy68
0120sakura0120,funlife_su_san
0120sakura0120,g0lf_caddie
0120sakura0120,golf_love_m
0120sakura0120,golf_penguin_
0120sakura0120,golfjoshiaichi
0120sakura0120,golzaemon
0120sakura0120,gosyumishi4649
0120sakura0120,guppaon1
0120sakura0120,h1nancy44
0120sakura0120,hanakirei4
0120sakura0120,hataraku_saibou
0120sakura0120,hatenablog
0120sakura0120,hatenablogkk
0120sakura0120,heppo_ko_jun
0120sakura0120,honeysugar_3232
0120sakura0120,hoyo_chan
0120sakura0120,ibara_michiru
0120sakura0120,info_tyoro
0120sakura0120,kamiya_7076
0120sakura0120,kanata_nurseman
0120sakura0120,kanti990
0120sakura0120,kazu40585136
0120sakura0120,kei_suke0318
0120sakura0120,kenji_shi_inv
0120sakura0120,kenta_kuu
0120sakura0120,kokuponz
0120sakura0120,konnii_1st
0120sakura0120,likemanga2019
0120sakura0120,maimai_golf310
0120sakura0120,meru_DH
0120sakura0120,mikogolf
0120sakura0120,miyuki_39_39
0120sakura0120,momo_wistria
0120sakura0120,momochanforyou
0120sakura0120,mucchirigolf
0120sakura0120,n5cNUABMixAM79k
0120sakura0120,nakayudayo
0120sakura0120,nozomin_tw
0120sakura0120,oX06wqMZ32f23dU
0120sakura0120,oyamejiro_coba
0120sakura0120,pa_dental
0120sakura0120,potesarablog
0120sakura0120,r1TjyJ5Fd6fYJ6v
0120sakura0120,rai703rai
0120sakura0120,ruri_travel
0120sakura0120,s_stressfree
0120sakura0120,sa_ku_39_39
0120sakura0120,saaachan02140
0120sakura0120,sakusaku8_jp
0120sakura0120,samohan_camper
0120sakura0120,sasakuremuketa4
0120sakura0120,sayuri_tksm
0120sakura0120,serina_serinko
0120sakura0120,shin_no03
0120sakura0120,shioriiz
0120sakura0120,sho20180128
0120sakura0120,shota_denno
0120sakura0120,sono0329
0120sakura0120,tabi_oh
0120sakura0120,takemomosyoumuu
0120sakura0120,tamaki_sgl
0120sakura0120,tarou_shirasu
0120sakura0120,tn8214
0120sakura0120,tonky0235
0120sakura0120,toshiks8001
0120sakura0120,u1jazz
0120sakura0120,umegolf
0120sakura0120,usappa_
0120sakura0120,wakarulog
0120sakura0120,yokohama_shank
0120sakura0120,yuriphip_my28
0120sakura0120,yuuya_golf
0120sakura0120,zakisan72
0325_mrk,07ykr_13shiba
0325_mrk,10danceinu5hiki
0325_mrk,173_kome
0325_mrk,1993_yau
0325_mrk,305Sense
0325_mrk,32sensei
0325_mrk,38imsaya
0325_mrk,45seek
0325_mrk,ANIEL_REINAT
0325_mrk,Asako02217861
0325_mrk,Ayanon_tfx
0325_mrk,BKB94966112
0325_mrk,BONNIETHEBOO1
0325_mrk,CARITES_dress
0325_mrk,Coly
0325_mrk,Crazy_Vally0000
0325_mrk,DC_Ohinata
0325_mrk,DPD2000jp
0325_mrk,DanceMeguro
0325_mrk,DanceartArt
0325_mrk,Dancexyz1919
0325_mrk,FumiyaTakahas
0325_mrk,FwuFmfm
0325_mrk,GRJXWGFiXSVSRJe
0325_mrk,HOMEALONe_ksk
0325_mrk,HShindo
0325_mrk,IchiroSKMT
0325_mrk,Ishicharu1
0325_mrk,JASDFhamamatsu
0325_mrk,JUNAKIMOTO2
0325_mrk,Johnson917
0325_mrk,KEIJIODA_2610
0325_mrk,KENzoo_y
0325_mrk,Kazu0818Dia
0325_mrk,Lyrammk
0325_mrk,MiriMurano
0325_mrk,Munenori20
0325_mrk,N6dWnbAPUZiPCLP
0325_mrk,NA74502621
0325_mrk,Naki_Cocoris
0325_mrk,NaodanceNao1
0325_mrk,NoriTakesue
0325_mrk,OzakiSaori
0325_mrk,Ozzy66381264
0325_mrk,P34392957
0325_mrk,PairDanceLover
0325_mrk,Pasodoblersnsk
0325_mrk,Ringoclay
0325_mrk,Robotno50
0325_mrk,Ryota_Nas
0325_mrk,RyuichiOsama
0325_mrk,SATSATSATSATN
0325_mrk,Sho19611229
0325_mrk,Soichiro__Hara
0325_mrk,StaygoldDancer
0325_mrk,Takashi_Tomoe
0325_mrk,Tweet_Cinemas
0325_mrk,USGMEN_GIF
0325_mrk,UncleJitterbug
0325_mrk,YOSSYDSL
0325_mrk,YUKIMURATA11
0325_mrk,Yinggui2
0325_mrk,Yukakkumax
0325_mrk,acchokochan
0325_mrk,actoru1
0325_mrk,ai_dan_gin
0325_mrk,aichavez2213
0325_mrk,akichiddd
0325_mrk,akihiro_miwa__
0325_mrk,akiyoshiogata
0325_mrk,animal_iyashl
0325_mrk,asunotuki
0325_mrk,at2zU0BdOcQrtHM
0325_mrk,badassceo
0325_mrk,ballroom2020
0325_mrk,ballroom_dtmvoc
0325_mrk,ballroom_fuku
0325_mrk,ballroom_yuki
0325_mrk,bana_haruka
0325_mrk,chiakihayakawa0
0325_mrk,ciao_dance
0325_mrk,ckYQsQNqZIxWD7X
0325_mrk,cyomari
0325_mrk,dance_yukiayaka
0325_mrk,dancer_akira1
0325_mrk,danceshinseiki
0325_mrk,dh_marlco
0325_mrk,eMHHOv1sZ2lja92
0325_mrk,enezozenreal
0325_mrk,erumo_0384
0325_mrk,freakscafe
0325_mrk,fuji_ayako
0325_mrk,fuwa876
0325_mrk,gamingchicken18
0325_mrk,genkidesuka6668
0325_mrk,goyoushodou
0325_mrk,harutoyoyo
0325_mrk,hideaki_kishi
0325_mrk,hiro_kono
0325_mrk,homotaro_dance
0325_mrk,iikochan_1
0325_mrk,junichi173cm
0325_mrk,kEOutO6MeoHj96O
0325_mrk,k_toy04
0325_mrk,kaoring
0325_mrk,kaoringworks
0325_mrk,kaowks2019
0325_mrk,karen444
0325_mrk,kayaharakurese1
0325_mrk,kazuchikadance
0325_mrk,kazuhirooooo
0325_mrk,keiichimaeda
0325_mrk,kesaarchaeology
0325_mrk,kntokashii
0325_mrk,komage1007
0325_mrk,kozeerooo
0325_mrk,kuWVmHXj3dRwaqi
0325_mrk,kuroni_modern
0325_mrk,m27530m
0325_mrk,mabuchidance
0325_mrk,maekakedance
0325_mrk,mai_mabuchi
0325_mrk,mamamat218
0325_mrk,manami1012n
0325_mrk,masaki_writer
0325_mrk,milkprin1122
0325_mrk,mineouu
0325_mrk,mososetsunight
0325_mrk,mss_hotel
0325_mrk,msyzero
0325_mrk,munakatamasaich
0325_mrk,namasayagoyou
0325_mrk,naturalbeat5328
0325_mrk,nemunemu_nyanko
0325_mrk,new_rakuen
0325_mrk,obt9hYuEYUiBK3D
0325_mrk,ohikawa_wada
0325_mrk,okbr_sn
0325_mrk,ozatani
0325_mrk,popstar_shingo
0325_mrk,rama4sari1
0325_mrk,ricotico0830
0325_mrk,russa_vignes
0325_mrk,sakuratyatya
0325_mrk,satoko_oda
0325_mrk,shu_dance
0325_mrk,sitaikuramasi
0325_mrk,skyticket
0325_mrk,sosotakei
0325_mrk,stunningdance
0325_mrk,sudoshoji
0325_mrk,syakoudancin
0325_mrk,tadano_ho
0325_mrk,takeume_san
0325_mrk,takutakubombom1
0325_mrk,tamama0031
0325_mrk,tomopony0
0325_mrk,tsukudani_ishi
0325_mrk,ttr_pmqp
0325_mrk,tyomateee
0325_mrk,type_galaxy
0325_mrk,vanillaice1223
0325_mrk,w0CDVEkgz6ylAFt
0325_mrk,wakashinnn
0325_mrk,watarudrum
0325_mrk,yandmdancelab
0325_mrk,ym77138476
0325_mrk,yoshiyukidance
0325_mrk,yousuck2020
0325_mrk,yu_kom_huk
0325_mrk,yukichilove777
0325_mrk,yukimusiii
0325_mrk,yutaroo0405
0508_miiiiichan,AAA_Schedule
0508_miiiiichan,AAA_staff
0508_miiiiichan,ARMYPEDIA
0508_miiiiichan,BIGHIT_MUSIC
0508_miiiiichan,BINGO1997JP
0508_miiiiichan,BTSJIMN1010
0508_miiiiichan,BTSW_official
0508_miiiiichan,BTS_Lisa27
0508_miiiiichan,BTS_jp_official
0508_miiiiichan,BTS_twt
0508_miiiiichan,BTSdailyinfo
0508_miiiiichan,BTSxTours
0508_miiiiichan,CAFE_JOLI
0508_miiiiichan,Choco_VMin
0508_miiiiichan,HugjinJ
0508_miiiiichan,IAN7209
0508_miiiiichan,IKIHA_JI
0508_miiiiichan,JJK_Times
0508_miiiiichan,Mark_____127
0508_miiiiichan,NissyStaff
0508_miiiiichan,RULER_V
0508_miiiiichan,SUGAJelly9339
0508_miiiiichan,TXT_bighit_jp
0508_miiiiichan,V_km1230
0508_miiiiichan,XP9UvQ3e3LQ7aal
0508_miiiiichan,ami_s_t
0508_miiiiichan,anyeohase_yeah
0508_miiiiichan,archiveforJK
0508_miiiiichan,archivekukk
0508_miiiiichan,bangtan_lab
0508_miiiiichan,bansori
0508_miiiiichan,bts123_IpurpleU
0508_miiiiichan,bts123_bantan
0508_miiiiichan,bts_bighit
0508_miiiiichan,btstranslation7
0508_miiiiichan,btsworldwider
0508_miiiiichan,clinic_ao
0508_miiiiichan,d0p5chan
0508_miiiiichan,jimchim_bts
0508_miiiiichan,jiminajimin1013
0508_miiiiichan,jimvks
0508_miiiiichan,jknomiken
0508_miiiiichan,jp_offclROROHA
0508_miiiiichan,justinbieber
0508_miiiiichan,kifutown
0508_miiiiichan,kimsaburo_0613
0508_miiiiichan,kook12832
0508_miiiiichan,kootae__
0508_miiiiichan,kor_celebrities
0508_miiiiichan,miyaemonmaru
0508_miiiiichan,naaaaa_1995
0508_miiiiichan,ngsv_793
0508_miiiiichan,pkmkl_1013
0508_miiiiichan,purpleglass_bts
0508_miiiiichan,rin_chim_jm1013
0508_miiiiichan,susieminbts
0508_miiiiichan,tokyoatl
0508_miiiiichan,usakimuti
0508_miiiiichan,v1230_ruu
0508_miiiiichan,weverseofficial
0508_miiiiichan,wo_l39
0806_tmk,0717_ying
0806_tmk,0_ichi_0
0806_tmk,1007hiro
0806_tmk,100kin_suki
0806_tmk,1980MytearCL
0806_tmk,2000twd
0806_tmk,2525Wanbe
0806_tmk,711SEJ
0806_tmk,7_mile_program
0806_tmk,AEONCARD_jp
0806_tmk,ALBION_JP
0806_tmk,ALBLANC_jp
0806_tmk,ASTALIFT_Japan
0806_tmk,AYURA_official
0806_tmk,Anzu53150225
0806_tmk,Banchao
0806_tmk,Bebe_taiwanese
0806_tmk,Beywaku
0806_tmk,BrxpbQeY8gFysQP
0806_tmk,CalorieMate_jp
0806_tmk,CaramelCorn1971
0806_tmk,CarteBeauty
0806_tmk,Chiakrelltw
0806_tmk,CosmeHana
0806_tmk,DHC_JP
0806_tmk,DabanOsaka
0806_tmk,FANCL_Official
0806_tmk,HairRecipeJapan
0806_tmk,HaruoUchida
0806_tmk,HokkahokkaP
0806_tmk,HuahaiG
0806_tmk,Iyemon_jp
0806_tmk,JINS_PR
0806_tmk,JpTwany
0806_tmk,KALDI_webshop
0806_tmk,KaoHamigaki
0806_tmk,KeikoHiwa
0806_tmk,Kerastase_JP
0806_tmk,Kirin_Brewery
0806_tmk,KohGenDo_jp
0806_tmk,KsOfficeAsia
0806_tmk,LISSAGEofficial
0806_tmk,LRP_JAPAN
0806_tmk,LaSanaYamasaki
0806_tmk,Lancome_JP
0806_tmk,LiGuoJhih
0806_tmk,LuxOfficial
0806_tmk,MaisonKOSE
0806_tmk,MiCoBioMedJapan
0806_tmk,Mimi4_TV
0806_tmk,Mitagritw
0806_tmk,MiyabixAndrea
0806_tmk,NA_Beauty1
0806_tmk,OH_myHIYO
0806_tmk,OPENCHAN711
0806_tmk,ORBIS_JP
0806_tmk,OS3plus
0806_tmk,OhxutQb2Q6Sc5Js
0806_tmk,PanasonicBeauty
0806_tmk,Pizza_Hut_Japan
0806_tmk,PockyJPN
0806_tmk,Purunt_official
0806_tmk,RAIZIN_taisho
0806_tmk,RakutenJP
0806_tmk,Rakuten_Panda
0806_tmk,Rakuten_Pnews
0806_tmk,Riko_taiwan
0806_tmk,RinTaiwanJP
0806_tmk,RogerandGallet
0806_tmk,SCMcrocodile
0806_tmk,SHISEIDO_brand
0806_tmk,SHISEIDO_corp
0806_tmk,SpreaTable
0806_tmk,Starbucks_J
0806_tmk,TOPVALUOFFICIAL
0806_tmk,TRILL_OFFICIAL
0806_tmk,TW_nextmedia
0806_tmk,TYakultCP
0806_tmk,TaiwanTodayJP
0806_tmk,Taiwan_in_Japan
0806_tmk,Tullys_jp
0806_tmk,WunHongYi
0806_tmk,Xiang___xiang
0806_tmk,YKKax
0806_tmk,YRTSENG_SC
0806_tmk,YsconsultingT
0806_tmk,Yuri94102621
0806_tmk,ZashiDiary
0806_tmk,Zoff_INFO
0806_tmk,_IGNIS_official
0806_tmk,__RiRiKa___
0806_tmk,_wanderlustclub
0806_tmk,a_oshidari6
0806_tmk,acure_official
0806_tmk,ada2016intw
0806_tmk,agfcm2
0806_tmk,ah9287
0806_tmk,ajiban
0806_tmk,animalland7
0806_tmk,apagard_pr
0806_tmk,aquaclara_info
0806_tmk,argelanofficial
0806_tmk,arielcookieliu
0806_tmk,asahibeer_jp
0806_tmk,asahikasei_hp
0806_tmk,atcosmenet
0806_tmk,atrix_promo_jp
0806_tmk,ayatakaJP
0806_tmk,ayk___tw
0806_tmk,bekkiss
0806_tmk,biccameraman
0806_tmk,biore_faceca_jp
0806_tmk,bodymainte_drnk
0806_tmk,botanicus0816
0806_tmk,bounciacp
0806_tmk,bub_jp
0806_tmk,catmotimaru
0806_tmk,charle_official
0806_tmk,chuu234
0806_tmk,cilabo_official
0806_tmk,cosmedecorte_
0806_tmk,covermark_jp
0806_tmk,curel_kao
0806_tmk,cutest_animal1
0806_tmk,dante_kaigetsu
0806_tmk,denki0403
0806_tmk,dgbeauty_BTYSQ
0806_tmk,divid1245
0806_tmk,doiyoshiharu
0806_tmk,donbei_jp
0806_tmk,dou4hua1
0806_tmk,duocosme
0806_tmk,elixir_TW
0806_tmk,elleairofficial
0806_tmk,enuchijp
0806_tmk,essential_jp
0806_tmk,est_kao_jp
0806_tmk,event_checker
0806_tmk,expatorii
0806_tmk,famima_now
0806_tmk,fashionpressnet
0806_tmk,fino_jp
0806_tmk,focustaiwanjapa
0806_tmk,fp_winniehana
0806_tmk,gift_mall
0806_tmk,guesthousetw101
0806_tmk,hadakara
0806_tmk,haku_shiseido
0806_tmk,hanachannel_tw
0806_tmk,happy_25chan
0806_tmk,havataki
0806_tmk,hdknDNA
0806_tmk,hima03ri
0806_tmk,hualintang
0806_tmk,huayin2016
0806_tmk,iijmio
0806_tmk,iingwen
0806_tmk,iyo_tetsuya
0806_tmk,jpjptwtw
0806_tmk,jurlique_jp
0806_tmk,kananbe90
0806_tmk,kaneboofficial
0806_tmk,kanon_taiwan888
0806_tmk,kashgara
0806_tmk,kero_mo_mo
0806_tmk,keshimin_pr
0806_tmk,kewpie_official
0806_tmk,ki_rin_a
0806_tmk,kiminizutto
0806_tmk,kireikirei1997
0806_tmk,koalaenikki
0806_tmk,koori0629
0806_tmk,koro1030
0806_tmk,kotobukujp
0806_tmk,kowa_3jigenmask
0806_tmk,kumappeYouTube
0806_tmk,liese_jp
0806_tmk,lilybouquet21
0806_tmk,linus_eggp
0806_tmk,locomocodayo
0806_tmk,lotte_koibito
0806_tmk,lullymiura
0806_tmk,luv2bfree
0806_tmk,magiclean_jp
0806_tmk,mame6002
0806_tmk,mangotangoyum
0806_tmk,masanopu0928
0806_tmk,matsu_bouzu
0806_tmk,mayu_taiwan
0806_tmk,meeth_official
0806_tmk,megrhythm_kao
0806_tmk,meiji_TANPACT
0806_tmk,meiji__love
0806_tmk,melly_design
0806_tmk,michan_taiwan
0806_tmk,micosmeee35
0806_tmk,mimitamaboy
0806_tmk,minon_dshc
0806_tmk,mito1106
0806_tmk,mizuhobank
0806_tmk,mopparataiwan
0806_tmk,morinaga_angel
0806_tmk,morinaga_pino
0806_tmk,mufgcr_official
0806_tmk,muji_net
0806_tmk,nanotaadg
0806_tmk,naoko_sagami
0806_tmk,nivea_promo_jp
0806_tmk,non77148000
0806_tmk,noppetaipei
0806_tmk,nyanchu_nyans2
0806_tmk,oiochakun
0806_tmk,okiraku_tw
0806_tmk,oogoda1
0806_tmk,oricon
0806_tmk,osakamesiryo
0806_tmk,oxChinese
0806_tmk,pi_y_u
0806_tmk,piyu__oO
0806_tmk,pizzala_jp
0806_tmk,plus886
0806_tmk,pr_canadel
0806_tmk,preciousjp_
0806_tmk,qm_twjp
0806_tmk,quickle_jp
0806_tmk,recosmeofficial
0806_tmk,redhairblog_ken
0806_tmk,ryo_lfmp
0806_tmk,sankoseika
0806_tmk,sapporo1ban_jp
0806_tmk,satonoyuki1
0806_tmk,senda9898
0806_tmk,shii126
0806_tmk,shinya_linsen
0806_tmk,skny_jp
0806_tmk,sky_moon463
0806_tmk,sofinaip_jp
0806_tmk,sophistance
0806_tmk,su729
0806_tmk,su_chan_tw
0806_tmk,su_tseng_jen
0806_tmk,subwayjp
0806_tmk,suitounonamae
0806_tmk,sundrugofficial
0806_tmk,suny_ell_y
0806_tmk,syk2006910
0806_tmk,syukansyogyo
0806_tmk,tailang_tw
0806_tmk,taipeiyoichi
0806_tmk,taiwan_yuki
0806_tmk,taiwanloveling
0806_tmk,taiwanlovepower
0806_tmk,taiwannyanko
0806_tmk,taiwanseikatu
0806_tmk,taiwantotaiwa
0806_tmk,taiwanyoasobi
0806_tmk,takakochentaoyu
0806_tmk,takuyasensei
0806_tmk,tama_punpa
0806_tmk,tamakidenny
0806_tmk,teruko1206
0806_tmk,tetsuya19560228
0806_tmk,tiantian0302
0806_tmk,traicycom
0806_tmk,tyugokugo
0806_tmk,u_jisensi
0806_tmk,urarajptw
0806_tmk,uta_cyan
0806_tmk,vanitytable_jp
0806_tmk,voguejp
0806_tmk,vor015
0806_tmk,vyond_yoshiko
0806_tmk,wp_shiseido
0806_tmk,xiaoai703103
0806_tmk,xiaofeiTW
0806_tmk,xibaobao666
0806_tmk,y_miyong_
0806_tmk,yasuo_yoshikawa
0806_tmk,ynsuper1
0806_tmk,yoshi0141taiwan
0808Anri,19957220
0808Anri,Aoki_Genta
0808Anri,BAR_PLEDGE_
0808Anri,CaramelCorn1971
0808Anri,Cindy_0325_LOL
0808Anri,ClassGwc
0808Anri,DQWalk
0808Anri,GoMorita_JP
0808Anri,GoodiesPB
0808Anri,Happinetphantom
0808Anri,Hiromi_Gotoh
0808Anri,HonjoJrHigh
0808Anri,INKT_Member
0808Anri,Infinity_rJP
0808Anri,J_DREAMIsLAND
0808Anri,J_Jr_Ch
0808Anri,J_ohkura_88
0808Anri,Jin_Akanishi
0808Anri,Jnet_online
0808Anri,KATTUN_0322
0808Anri,LINELIVE_JP
0808Anri,Leo_Akanishi
0808Anri,LoveDesire_info
0808Anri,Masaya_Muro
0808Anri,McDonaldsJapan
0808Anri,Mst_com
0808Anri,MuroTatsuki
0808Anri,NA_official_jp
0808Anri,NomadRecords_JP
0808Anri,PS5_restock1
0808Anri,RyoNishikido_JP
0808Anri,Ryota_osen
0808Anri,SakuraItohJoan
0808Anri,SayakaYasukura
0808Anri,ShinyaKiyozuka
0808Anri,TBS_awards
0808Anri,TDR_PR
0808Anri,TadashiOokura
0808Anri,Takamasa_ban
0808Anri,ToshiyanF
0808Anri,TsyGsx
0808Anri,TwitterJP
0808Anri,USJ_Official
0808Anri,U_and_YOU
0808Anri,WifeShitteru
0808Anri,WithDuffy_TDS
0808Anri,YODDYtlb
0808Anri,YuyaTegoshi1054
0808Anri,_0my39_
0808Anri,_torikizoku
0808Anri,arashi5official
0808Anri,atarashiichizu
0808Anri,ayukawa_taiyou
0808Anri,dEnkA69er
0808Anri,demaecan
0808Anri,feiler_jp
0808Anri,flowerdrops_jp
0808Anri,geino_sougu
0808Anri,geinou_sougu
0808Anri,genki17staff
0808Anri,gochan_V
0808Anri,green_bear_16
0808Anri,harukitomoiimas
0808Anri,hikakin
0808Anri,hirocmaruyama
0808Anri,hyougatanaka
0808Anri,ima_topics
0808Anri,imalongsleeper
0808Anri,info_kanjani8
0808Anri,ingkgrofficial
0808Anri,ixx_yur
0808Anri,j_islandtv
0808Anri,jani_sougu
0808Anri,johnnys
0808Anri,js4662
0808Anri,junnosuke_tag
0808Anri,kamep2628
0808Anri,kanjam_tvasahi
0808Anri,kanjani8_fujitv
0808Anri,kantele
0808Anri,kazuo1982724
0808Anri,kentosho2020
0808Anri,kenty2525
0808Anri,kenty___2525
0808Anri,kikilala_sanrio
0808Anri,kingandprince_j
0808Anri,km031317
0808Anri,koki1105t
0808Anri,kosk0313
0808Anri,ksngtysofficial
0808Anri,ktrsngofficial
0808Anri,kunta_yamasaki
0808Anri,kyuso_movie
0808Anri,maho_udo
0808Anri,makino_koji
0808Anri,masaya822
0808Anri,mia311s_yasuder
0808Anri,miles_jpn
0808Anri,mimancity_ntv
0808Anri,mizuki0926w
0808Anri,modelpress
0808Anri,morinaga_angel
0808Anri,naoking_taka
0808Anri,naru07071
0808Anri,ohaasaofficial
0808Anri,okrtdysonlylove
0808Anri,oricon
0808Anri,oshidoraEX
0808Anri,otANNsatSP
0808Anri,pekojani8_tbs
0808Anri,peroko0701
0808Anri,pulsefactory_jp
0808Anri,ryo_tsunoyama
0808Anri,ryotauesato
0808Anri,sakuya_252525
0808Anri,seripachi
0808Anri,shiotsu_otaku
0808Anri,shu1tv
0808Anri,smileup_project
0808Anri,subaru_official
0808Anri,sugirutv
0808Anri,t_yonehana
0808Anri,takahashiyu
0808Anri,takupon0626
0808Anri,takuya_hyon
0808Anri,tamukenchaaaaa
0808Anri,tanakajunya
0808Anri,tayga_i
0808Anri,to_ra_law
0808Anri,tokioinc_taichi
0808Anri,tokyojapan999
0808Anri,tomosfam
0808Anri,twitcasting_jp
0808Anri,vjpofficial
0808Anri,warasaku
0808Anri,yori591203
0808Anri,yousuck2020
0808Anri,ystk_yrk
0808Anri,ziakoro_
0910_46,1O46V
0910_46,1_10_1_
0910_46,333akina
0910_46,8yade_vvv
0910_46,AibaUiha
0910_46,Ange_Katrina_
0910_46,BARD713
0910_46,BananaKM
0910_46,Chihiro_yuki23
0910_46,D__elete
0910_46,DinoScience_jpn
0910_46,FumiVirtual
0910_46,Fuwa_Minato
0910_46,Genshin_7
0910_46,Gwelu_os_gar
0910_46,H7t80
0910_46,Hakase_Fuyuki
0910_46,HiguchiKaede
0910_46,Hijirime_Laeria
0910_46,Inajun2434
0910_46,KUUUUKIKUNKUN
0910_46,Kadokawa_Museum
0910_46,Kaida_Haru
0910_46,Kanae_2434
0910_46,Kanda_Shoichi
0910_46,Karuta_Yamagami
0910_46,KoboNogi063
0910_46,Levi_E_2434
0910_46,Lize_Helesta
0910_46,Miracle_Fusion
0910_46,MitoTsukino
0910_46,N_E_TkSa
0910_46,Ninja_Inui
0910_46,Nintendo
0910_46,ODA_Geminate
0910_46,PaulJoeBeauteJP
0910_46,PerfectlyShots
0910_46,Plus_Geminate
0910_46,QK_inui
0910_46,RindouMikoto
0910_46,S_a_a_m_e
0910_46,Seic_Oh
0910_46,ShizuRin23
0910_46,SisterCleaire
0910_46,SplatoonJP
0910_46,TOWER_Plus
0910_46,TakamiyaRion
0910_46,Tomoe_Shirayuki
0910_46,UMEMOMOKA
0910_46,Vamp_Kuzu
0910_46,Vllexceed
0910_46,WAKA_Y_official
0910_46,Yuuhi_Riri
0910_46,_8_82_
0910_46,_MURRAL_
0910_46,_PSYQUI_
0910_46,__y_o_u_k_a__
0910_46,_ablmoon
0910_46,_hatenashi
0910_46,_ibk14
0910_46,_kiyukyuu_
0910_46,_manaka_shida_
0910_46,_natsushiro_
0910_46,akakura1341
0910_46,aki_suzuya
0910_46,akiko_lawson
0910_46,amamiya_kokoro
0910_46,amsrntk3
0910_46,ars_almal
0910_46,ayaneseitam
0910_46,cherijeclinic
0910_46,dT_777_Tb
0910_46,dtv_nogizaka46
0910_46,eizouken_saikyo
0910_46,eumza1
0910_46,fukura_p
0910_46,furen_2434
0910_46,gawrgura
0910_46,ha_tak
0910_46,haaruu2021
0910_46,harusakiair2434
0910_46,hinatazaka46
0910_46,hiraganakmax
0910_46,honmono_ibrahim
0910_46,houshoumarine
0910_46,iceman_ax
0910_46,ichigo_tubu
0910_46,ino463
0910_46,inui_toko
0910_46,ishisyou_stone
0910_46,issikiiiiiii
0910_46,jin_jin_suruyo
0910_46,kakeru_yumeoi
0910_46,kamikizu_shin
0910_46,kanae_iroiro
0910_46,kaya7hara
0910_46,kei_nagao2434
0910_46,key_999
0910_46,keyakikmax
0910_46,kh_unisonair
0910_46,ki0000llll
0910_46,kimikatrock
0910_46,kunugi_ayanesan
0910_46,kurusu72me
0910_46,kuzunohonkai_tv
0910_46,kyoko1st
0910_46,loveration0628
0910_46,makaino_sub
0910_46,manatsu_2nd
0910_46,marine_cutout
0910_46,mayuzumi_X
0910_46,melissa_2434
0910_46,midori_2434
0910_46,mikisaidayo
0910_46,minatoaqua
0910_46,mochitabero
0910_46,mrmrmron7
0910_46,mrumruco
0910_46,nanako0423hirok
0910_46,naninune__aiueo
0910_46,neco28
0910_46,neru_and_staff
0910_46,neru_nagasaki
0910_46,nijisanji_app
0910_46,nijuunanayo0827
0910_46,nogikmax
0910_46,nogizaka46
0910_46,poke_times
0910_46,qnee_tao
0910_46,ramdayo1122
0910_46,rei_Toya_rei
0910_46,renteyaaaaaa
0910_46,ricecake2525
0910_46,rmrmrmon7
0910_46,rurudo_
0910_46,sakamichikenshu
0910_46,saku_sasaki
0910_46,sakurazaka46
0910_46,shiroganenoel
0910_46,shiromanta1020
0910_46,shu_saku999
0910_46,shuai_0317
0910_46,sibuya_hajime
0910_46,splatoon2_stage
0910_46,ssk_ktk828
0910_46,suisei_hosimati
0910_46,sukosuko_sukoya
0910_46,syr_1214
0910_46,syura01prfm
0910_46,takayama_seitan
0910_46,takayama_tokuma
0910_46,takt_op_destiny
0910_46,tanukikaitaiyo
0910_46,tenkaitukasa
0910_46,thank_you_lady_
0910_46,timbougami
0910_46,todokeKYZ46_TFM
0910_46,tojimobu
0910_46,tsunekawa_
0910_46,u_skeeep
0910_46,udukikohh
0910_46,uruharushia
0910_46,v_loAlo
0910_46,watanaberisa1st
0910_46,wh_negi
0910_46,xx_Chon_xx
0910_46,yamauchipumpkin
0910_46,yo_sh_no
0910_46,yoneyamai
0910_46,yuika_siina
0910_46,yukuri130
0910_46,yuukihagure
0910_46,zyunkitakubu
09315,112body111
09315,31Sonsdemode
09315,Aira_English
09315,AnneNakamura
09315,ArianaGrande
09315,CChannel_tv
09315,CelineFarach
09315,ChamuVanilla
09315,Chiba_Bousai
09315,DRWCYS_OFFICIAL
09315,D_HOLICJP
09315,GABBY_1020
09315,GRL_official
09315,H_KANNA_0203
09315,HarukiKai0628
09315,INTSonyMusicJP
09315,MILIYAH_MILIYAH
09315,MahiroTakasugi_
09315,McDonaldsJapan
09315,Naoto_EX_3JSB_
09315,Noela_official
09315,ORBIS_JP
09315,PT_shiba
09315,ParisHilton
09315,PayPayOfficial
09315,RolaWorLD
09315,Ron__Monroe
09315,Supreme_LaLa
09315,TastyJapan
09315,The_Darenogare
09315,Tullys_jp
09315,YAMA414
09315,Yuikanno
09315,_maocharu_
09315,airi12011
09315,akane_hotta
09315,akane_iiiiii
09315,akiko_lawson
09315,akindosushiroco
09315,akiotogawa8888
09315,alan__shirahama
09315,arashi5official
09315,asahibeer_jp
09315,asukakiraran
09315,atcosmenet
09315,au_official
09315,ayaka_502
09315,ayu_19980408
09315,bijikon
09315,bijinhyakka_jp
09315,binanbijo_sekai
09315,chara317megane
09315,chaychay1023
09315,chikachan1116
09315,daido_fitness
09315,deicy_official
09315,emirio9o1
09315,etvos_jp
09315,famima_now
09315,fifth_store
09315,fiore_harmony
09315,flylcc
09315,generationsfext
09315,gotomaki923
09315,gusshi_the_mate
09315,heart_yukoaraki
09315,hikachin811
09315,hinata_0421
09315,hiro_takebo
09315,hmjapan
09315,hongmeinu_china
09315,honolulu_run
09315,ichijyo_hibiki
09315,informationkumi
09315,jun_shison0305
09315,kanaeru0421
09315,kanayanofficial
09315,kanechi_monster
09315,kikkoman_tounyu
09315,kms112201
09315,ko_shibasaki
09315,kohei_takeda13
09315,kotapt_
09315,koyapu
09315,lenafujii
09315,manami_hiraki
09315,mariak212
09315,maroka_uchiyama
09315,matarai_aya
09315,mercuryduo_com
09315,mggyy
09315,michopaaaaa
09315,misako421
09315,miss_haroo
09315,modelpress
09315,mognavi
09315,monipla_tw
09315,mtrainier_jp
09315,mzkymmtofficial
09315,officialgenking
09315,ogaryu___
09315,ozwspw
09315,parkbommu
09315,pindonxxx
09315,popochan318
09315,poyo_ngy
09315,radychaaaaaaan
09315,remi1103
09315,royalpartyweb
09315,samuraisword77
09315,satomiiin20
09315,shimonsmile
09315,shingeki_noa
09315,skoknn
09315,snidelOfficial
09315,sshota0227
09315,sunwei1013
09315,taniguchisayaka
09315,task8961
09315,taylorswift13
09315,team_busubi
09315,ticket_board
09315,tittyandco_
09315,toccocloset
09315,tomo_coco73
09315,totonoetekarada
09315,tsubasamasuwaka
09315,tyomateee2
09315,wanwan_english
09315,y_m_kei
09315,yousuck2020
09315,yua_mikami
09315,yumichi1026
09315,yunkoro519
09315,yutore10byo
09315,yutoreplus
09_loiseau,25jigen_news
09_loiseau,3_5dd
09_loiseau,Akiteru_Nakada
09_loiseau,BeeTonics_inc
09_loiseau,Billboard_JAPAN
09_loiseau,CasaBRUTUS
09_loiseau,Con_Pri
09_loiseau,Copy__writing
09_loiseau,DANCEDELIGHT_JP
09_loiseau,DANCE_ALIVE
09_loiseau,DJTomohirow
09_loiseau,DQT_OHSE
09_loiseau,D_kenken
09_loiseau,Dance_Movies
09_loiseau,EntameOVO
09_loiseau,FM807_DreamBOX
09_loiseau,HASEMANATTAKAI
09_loiseau,HIDEKiSM0117
09_loiseau,Hayato_WEBER
09_loiseau,HealthyaKao
09_loiseau,HmvBooksShibuya
09_loiseau,IB8GgpI2Ozb9pAC
09_loiseau,JUNON_jp
09_loiseau,J_KoRocK
09_loiseau,KAGAYAStudio
09_loiseau,KAGAYA_11949
09_loiseau,LegendTokyo
09_loiseau,LimitedStand
09_loiseau,Lulucos_jp
09_loiseau,NEOkamus1228
09_loiseau,NazologyInfo
09_loiseau,OKMusicOfficial
09_loiseau,PrimeVideo_JP
09_loiseau,QshuMusic
09_loiseau,REISAN_no_HEYA
09_loiseau,RYUFO__TOKYO
09_loiseau,Ryo_PRAR
09_loiseau,SDM_dance
09_loiseau,SHARELOCKHOMES
09_loiseau,ShinShinohara
09_loiseau,Shutalow1
09_loiseau,Sign_1019
09_loiseau,TANABON_ADHIP
09_loiseau,TastyJapan
09_loiseau,Tetsuo_Hiraga
09_loiseau,Toyokeizai
09_loiseau,UM_STORE_JP
09_loiseau,VictorMusic
09_loiseau,ViennaDoLL
09_loiseau,YOSHIKI_MSS
09_loiseau,_ARSMAGNA_
09_loiseau,akiyacloudy
09_loiseau,barks_news
09_loiseau,beautiful_legs_
09_loiseau,bijutsu1
09_loiseau,chronos_sc
09_loiseau,dance_jdac
09_loiseau,danceapiece
09_loiseau,dat_gancer
09_loiseau,decolum_news
09_loiseau,dwango_jp_PR
09_loiseau,fashionpressnet
09_loiseau,fruity_NYZ
09_loiseau,goHawaiiJP
09_loiseau,hama_tokyo
09_loiseau,hanacotoba_jp
09_loiseau,hawaiialohainfo
09_loiseau,hawaiiarukikata
09_loiseau,hideki_maru0702
09_loiseau,hinatique
09_loiseau,hirotosuzuki
09_loiseau,ikezaki_wow
09_loiseau,imhoimMIHO
09_loiseau,itton_korock
09_loiseau,jacobcollier
09_loiseau,juvenileluckyfm
09_loiseau,juveniletalkbox
09_loiseau,k_r_r_l_l_
09_loiseau,kagaya_work
09_loiseau,korock_taichi
09_loiseau,kumamushi_sato
09_loiseau,line_blog
09_loiseau,loyd_y_h
09_loiseau,mikiki_tokyo_jp
09_loiseau,mirumiru67sc
09_loiseau,miso_material
09_loiseau,mok2mok2
09_loiseau,mokmok_chan
09_loiseau,music_ups
09_loiseau,nadeusanadeusa
09_loiseau,nakajing
09_loiseau,natalie_mu
09_loiseau,nicogirl_PR
09_loiseau,nikkeivdata
09_loiseau,odottemita_PR
09_loiseau,oshito_harajuku
09_loiseau,otsu_nenkin
09_loiseau,planchime
09_loiseau,realsoundjp
09_loiseau,ryo_chiiiin
09_loiseau,sotonami
09_loiseau,sotonamix
09_loiseau,souljuicemuzik
09_loiseau,space_emo_bkr
09_loiseau,spice_mu
09_loiseau,ssd_ten
09_loiseau,super_chample
09_loiseau,superkidsdance
09_loiseau,sw_iori
09_loiseau,sw_yurino
09_loiseau,tabelyapp
09_loiseau,terunekootenki
09_loiseau,terutaka1008
09_loiseau,try1422
09_loiseau,ts_kddi
09_loiseau,tsurutayuuki
09_loiseau,tunegate_me
09_loiseau,umi_gbmtm
09_loiseau,victor_nagoya
09_loiseau,wni_jp
09_loiseau,wonder_wheel20
09_loiseau,wwweberjp
09_loiseau,yamatokotobacat
09_loiseau,zegoat18
0_kiiiii,00_ryesb
0_kiiiii,1632_0
0_kiiiii,32asako
0_kiiiii,3set_B
0_kiiiii,42kg
0_kiiiii,494error
0_kiiiii,623_roku4869
0_kiiiii,819_aka1205
0_kiiiii,9trNabe
0_kiiiii,AdoniS012270
0_kiiiii,Ax_noa
0_kiiiii,D__________zyo
0_kiiiii,Mysterious_dc05
0_kiiiii,Toys_works
0_kiiiii,USAGI_TEIKOKU
0_kiiiii,___chimimi
0_kiiiii,aScrtMksNuiNui
0_kiiiii,abt4km
0_kiiiii,akam_mihe
0_kiiiii,angle_0_0
0_kiiiii,aoif0403
0_kiiiii,aoiumiko
0_kiiiii,ayupi_rf_ta_b
0_kiiiii,cis05
0_kiiiii,conan_event
0_kiiiii,conan_file
0_kiiiii,conan_magic
0_kiiiii,conan_movie
0_kiiiii,cotodesu
0_kiiiii,daken_r
0_kiiiii,dream_mgmg
0_kiiiii,edamame__117
0_kiiiii,edomeramera
0_kiiiii,endo_111
0_kiiiii,ennoto
0_kiiiii,exReizei
0_kiiiii,ffamknjk
0_kiiiii,fjmtyk527
0_kiiiii,gashaponanimebu
0_kiiiii,gmbk_n
0_kiiiii,grr_yyyy
0_kiiiii,gtgt_dc
0_kiiiii,gve_lf
0_kiiiii,habios_nen
0_kiiiii,hamtoru_714
0_kiiiii,harudebu_dc
0_kiiiii,hayasi16
0_kiiiii,homo_baba
0_kiiiii,inai2bourbon
0_kiiiii,kamikkami
0_kiiiii,kanki2k
0_kiiiii,kasabutawoman
0_kiiiii,kijimushi
0_kiiiii,kokeshi_mashii
0_kiiiii,korekorekono
0_kiiiii,machi0206
0_kiiiii,mahiro_h_
0_kiiiii,meicmj
0_kiiiii,mellow0413
0_kiiiii,mercuroxx
0_kiiiii,mitunora
0_kiiiii,mkonan_goods
0_kiiiii,mmmtanoc
0_kiiiii,moghmhm
0_kiiiii,mrk_nobu
0_kiiiii,nattyanjuice
0_kiiiii,niceboy0731
0_kiiiii,niina_1oo9
0_kiiiii,nnbs0510
0_kiiiii,nnbs_akam_r18
0_kiiiii,nonoji_2ji
0_kiiiii,numatatan
0_kiiiii,nuoonnu
0_kiiiii,ohiohi1130
0_kiiiii,okayu3N
0_kiiiii,oyusugoi
0_kiiiii,po_iz
0_kiiiii,pyonpyon6
0_kiiiii,ran_06052
0_kiiiii,riceballkorori
0_kiiiii,rkgk_56
0_kiiiii,romedandan
0_kiiiii,rukai_koka
0_kiiiii,saraba_n
0_kiiiii,sc_learning_
0_kiiiii,shika2g
0_kiiiii,shimotsuki_shk
0_kiiiii,shino__13
0_kiiiii,smrtz80
0_kiiiii,soushi34_DC
0_kiiiii,soushi_s_s
0_kiiiii,sprkgm
0_kiiiii,takato15_stol
0_kiiiii,tanakya123
0_kiiiii,tataki_00
0_kiiiii,tomo_akam
0_kiiiii,torushome
0_kiiiii,toukatoumei
0_kiiiii,tsun006
0_kiiiii,unm_san
0_kiiiii,wiru_son
0_kiiiii,yknringo
0_kiiiii,yo_toriii
0_kiiiii,yuki_vvvv
0_kiiiii,zerotea_file
1011wanze,03summer14
1011wanze,100legs_NP
1011wanze,1027KIISFM
1011wanze,1122chinya
1011wanze,1204_673
1011wanze,123cy
1011wanze,2music6
1011wanze,3103niconico
1011wanze,3103niconico1
1011wanze,711SEJ
1011wanze,7soul_future
1011wanze,ALB92_JP
1011wanze,ALittleBraver92
1011wanze,ARuFa_FARu
1011wanze,A____Jin
1011wanze,AkiokaSHI
1011wanze,BBBTTTSSS777
1011wanze,BIGHIT_INFO
1011wanze,BIGHIT_MUSIC
1011wanze,BT21_
1011wanze,BT21_Japan
1011wanze,BTS_613Ari
1011wanze,BTS_jp_official
1011wanze,BTS_rk_rm
1011wanze,BTS_twt
1011wanze,BTS_twt_Bighitt
1011wanze,Bangtan_Style07
1011wanze,BunsenTa
1011wanze,CHANMEGU_REN
1011wanze,Cafe_Epiphany
1011wanze,Cater2u0927
1011wanze,ChocoplaOsada
1011wanze,DAICHIMIURAinfo
1011wanze,DIECE_SHOU
1011wanze,DaikiTsuneta
1011wanze,Dekopon_56
1011wanze,Ds0618
1011wanze,Fujitaonsenbu
1011wanze,GMikezuri
1011wanze,HEISEI_love_bot
1011wanze,HOMEALONe_ksk
1011wanze,HYBEOFFICIALtwt
1011wanze,HarukiKai0628
1011wanze,HosiiApp
1011wanze,HslWw
1011wanze,INTHESOOP_TV
1011wanze,JCB_CARD
1011wanze,JEANASIS_jp
1011wanze,JP_Jinfanbase
1011wanze,KINGXMHU
1011wanze,KMOHSA
1011wanze,KPOP_JUICE_JP
1011wanze,KSJLOOKS
1011wanze,KSJLOOKSS
1011wanze,K__1102____S
1011wanze,KimKore92
1011wanze,Kpop_Rainbow7
1011wanze,Kstyle_news
1011wanze,MTV
1011wanze,MToriofficial
1011wanze,Marianne_Draws
1011wanze,Matthew613B
1011wanze,Monya_sub
1011wanze,Monyaizumi
1011wanze,MustangRush3
1011wanze,NOBCHIDORI
1011wanze,NaokiYokomizo
1011wanze,Netflix_PH
1011wanze,Niwassh
1011wanze,NiziU__official
1011wanze,NodoFairSinger
1011wanze,OfficialASTORY
1011wanze,OktangG
1011wanze,PanRifu
1011wanze,Pigu428
1011wanze,Qrais_Usagi
1011wanze,RJSeokjinnie
1011wanze,Riviera_sapporo
1011wanze,SUMIREYA_ramen
1011wanze,Shikiii_vvv
1011wanze,TAECHIMMYTAE
1011wanze,TBS_awards
1011wanze,TDR_PR
1011wanze,TOBA_AQUARIUM
1011wanze,TakuyaChinpan
1011wanze,TastyJapan
1011wanze,TinyTANofficial
1011wanze,TsUkIkO_seokjin
1011wanze,Vof_bts
1011wanze,Wom9T
1011wanze,YNWA_1013_95
1011wanze,YUKI34955067
1011wanze,YamatomoE
1011wanze,Yukiyng2
1011wanze,_DIEJOB
1011wanze,_HappyBoy
1011wanze,____BTS_twt___
1011wanze,_cocotto
1011wanze,_hokkaido_camp
1011wanze,_na_tsu_mi
1011wanze,_teruyukikagawa
1011wanze,ageomao
1011wanze,akitainuho
1011wanze,alpaca800
1011wanze,ami1030ami
1011wanze,animal_iyashl
1011wanze,anpanayk
1011wanze,aoiro_tokyo
1011wanze,aricherababy
1011wanze,ariyoshihiroiki
1011wanze,asabuchan
1011wanze,asagayanoane
1011wanze,asaka49226878
1011wanze,atashinchi_new
1011wanze,barabaaaara
1011wanze,beloved1204_
1011wanze,birth_day_cake
1011wanze,bishoku_ntv
1011wanze,black1cherry3
1011wanze,boc_official_
1011wanze,bopiyopiyo
1011wanze,borahe777
1011wanze,bq0AwZ2v023Ue7J
1011wanze,bts123_bantan
1011wanze,bts__13ai
1011wanze,bts_bighit
1011wanze,castel_tw
1011wanze,ceo_01music
1011wanze,cheap_yummy
1011wanze,chocopla_matsuo
1011wanze,chopoluca
1011wanze,chorotanyuna
1011wanze,chottocamp
1011wanze,cottoncandy_mw
1011wanze,dailyofjin
1011wanze,dazzlin_mpaseo
1011wanze,dd_dd_2257
1011wanze,developer_quant
1011wanze,discyurion
1011wanze,dod_camp
1011wanze,edsheeran
1011wanze,eluceo_himes
1011wanze,epiphanq
1011wanze,famima_now
1011wanze,fuhentetsu
1011wanze,fukuya_online
1011wanze,gankilyuu
1011wanze,gassimanga
1011wanze,gen_senden
1011wanze,giraffemegane
1011wanze,gravail
1011wanze,gtt214214214214
1011wanze,gum__lotte
1011wanze,h1nt_222
1011wanze,haaaachan4
1011wanze,hachi_08
1011wanze,hama_okamoto
1011wanze,hamaitachi
1011wanze,hanae0626
1011wanze,haruchannel23
1011wanze,heltune
1011wanze,hibiTaiyo26
1011wanze,hideto_sa
1011wanze,iambeckyg
1011wanze,illion_official
1011wanze,ilmari_rire
1011wanze,improving_Jin
1011wanze,ineedseoks
1011wanze,itm_nlab
1011wanze,itm_nlabzoo
1011wanze,iyashichannel_
1011wanze,jarujaru12th
1011wanze,jeonmylovx
1011wanze,jin1204cutelove
1011wanze,jin84958328
1011wanze,jina124m
1011wanze,jiniya_love
1011wanze,jinloop
1011wanze,jinniesarchives
1011wanze,jinsego
1011wanze,jinshour
1011wanze,jinsupportjp
1011wanze,johnnys
1011wanze,kagura_moimoivr
1011wanze,kamatamiwa
1011wanze,kanatm1
1011wanze,kanechi_monster
1011wanze,kcgo6
1011wanze,kifutown
1011wanze,kikkawakun
1011wanze,kingandprince_j
1011wanze,kingclub_sub
1011wanze,kissshot51
1011wanze,kodaibot
1011wanze,kontakuchan
1011wanze,kozve_miitan
1011wanze,ksjsope
1011wanze,kuko_jin_1204
1011wanze,lensforKSJ
1011wanze,lottedfs_global
1011wanze,ly_rone
1011wanze,lznuscrfb325
1011wanze,maaco414
1011wanze,macromill_enq
1011wanze,mana_sato_32
1011wanze,marumasa111
1011wanze,masters__tbs
1011wanze,may66669
1011wanze,migitegamigi
1011wanze,mikeneco_1013
1011wanze,milking_pudding
1011wanze,misakiYTstaff
1011wanze,misakism13
1011wanze,miso_soups
1011wanze,mochikodayoyo
1011wanze,molcar_anime
1011wanze,monitoringtbs6
1011wanze,monpi30
1011wanze,moritwi
1011wanze,moussyofficial
1011wanze,mryk_19
1011wanze,mt_mitty
1011wanze,mtaisi
1011wanze,mumei10101
1011wanze,murata_asuka
1011wanze,musicday_ntv
1011wanze,muuton3104
1011wanze,nagimi_tea
1011wanze,namamono0
1011wanze,namujjinie
1011wanze,natsumicchan
1011wanze,nayu92352748
1011wanze,neet2016
1011wanze,nhk_ogensan
1011wanze,nishinoakihiro
1011wanze,nna98
1011wanze,non620126
1011wanze,nonono_diet
1011wanze,okameid
1011wanze,ore825
1011wanze,oshaki518
1011wanze,ozwxy
1011wanze,pamiyu_16
1011wanze,pizzaman033
1011wanze,poreporemi
1011wanze,pppyyy9191
1011wanze,pyonta_F
1011wanze,qurappe
1011wanze,rcsm_glc
1011wanze,ricotta_512
1011wanze,rikuta95
1011wanze,rin_koukou
1011wanze,rmsbeautyjapan
1011wanze,roketdan4
1011wanze,ruuiruiruirui
1011wanze,ryo__1011
1011wanze,ryogomatsumaru
1011wanze,sailormoon_25th
1011wanze,saionao_
1011wanze,sakata_osamu
1011wanze,sawada46493
1011wanze,sbdqi
1011wanze,senritsutareme
1011wanze,seokjinfile
1011wanze,seokjinmylabsss
1011wanze,shimazaki0129
1011wanze,shimejihoshi
1011wanze,shoko55mmts
1011wanze,shuri_0921
1011wanze,simofuriseiyam
1011wanze,siroyagishugo
1011wanze,smartestxiaowu
1011wanze,smash_media_jp
1011wanze,soshina3
1011wanze,sss_inu
1011wanze,sudaofficial
1011wanze,supacasupercar
1011wanze,supaider717485
1011wanze,susieminbts
1011wanze,syogotantan
1011wanze,syoukinroom2
1011wanze,syunkon0507
1011wanze,tagkan1
1011wanze,taki_natsuki
1011wanze,teine_news
1011wanze,tiisaisamurai
1011wanze,tiny_rk
1011wanze,toberuton
1011wanze,tobiratonton
1011wanze,tomtom_jn
1011wanze,twentychan1
1011wanze,tyomateee
1011wanze,tyomateee2
1011wanze,ueta_arata
1011wanze,uk959595
1011wanze,usasa21
1011wanze,wednesday_movie
1011wanze,weverseofficial
1011wanze,wimpsrad4645
1011wanze,withnewsjp
1011wanze,wymmv
1011wanze,yaaachi22
1011wanze,yasuifarm
1011wanze,yeahyeahami
1011wanze,yna_she_s
1011wanze,yolumlovesyou
1011wanze,yomeyoshiko224
1011wanze,yousuck2020
1011wanze,yuhei_0621
1011wanze,yuitamaaa
1011wanze,yukachi130
1011wanze,yukaohishi
1011wanze,yurimabushi
1013_____0613,1013_____0613
1013_____0613,2AMkwon
1013_____0613,6_lovemyself_13
1013_____0613,7Fates_CHAKHO
1013_____0613,95_mychimchim
1013_____0613,A24
1013_____0613,AMAs
1013_____0613,AminaJMohammed
1013_____0613,AtlanticRecords
1013_____0613,BBCR1
1013_____0613,BBMAs
1013_____0613,BIGHIT_MUSIC
1013_____0613,BRILLER__613
1013_____0613,BT21_
1013_____0613,BTSBOOK130613
1013_____0613,BTSChartDailyx
1013_____0613,BTS_jp_official
1013_____0613,BTS_rk_rm
1013_____0613,BTS_twt
1013_____0613,BTSupdate_7
1013_____0613,Bangtan_Style07
1013_____0613,Coway_Global
1013_____0613,FallonTonight
1013_____0613,GMA
1013_____0613,GOT_JOON__
1013_____0613,GQKOREA
1013_____0613,GlblCtzn
1013_____0613,GlblCtznUK
1013_____0613,HYBEOFFICIALtwt
1013_____0613,HYBE_MERCH
1013_____0613,HuffPostJapan
1013_____0613,Hyundai_Global
1013_____0613,IAN7209
1013_____0613,INTHESOOP_TV
1013_____0613,JAMJAMPICS
1013_____0613,JIMINI95s3
1013_____0613,JhopeJapan
1013_____0613,JuiceWorlddd
1013_____0613,Kstyle_news
1013_____0613,LouisVuitton
1013_____0613,LouisVuitton_JP
1013_____0613,MINIMIJIMINI
1013_____0613,MTV
1013_____0613,Melkenstock
1013_____0613,NlNGNlNGMENG
1013_____0613,ONLY_MOMENT__V
1013_____0613,OnTheRedCarpet
1013_____0613,PAbeywardena
1013_____0613,Pirate_Radio_
1013_____0613,RIAA
1013_____0613,RalphLauren
1013_____0613,RecordingAcad
1013_____0613,Respect_Jimin
1013_____0613,RollingStone
1013_____0613,SUGAJelly9339
1013_____0613,SamsungMobile
1013_____0613,TIME
1013_____0613,TheAcademy
1013_____0613,TheBlueHouseKR
1013_____0613,UN
1013_____0613,UNICEF
1013_____0613,UNIVERSAL_INTER
1013_____0613,Usher
1013_____0613,VanityFair
1013_____0613,Variety
1013_____0613,Vliveofficial
1013_____0613,VogueChange
1013_____0613,VogueKorea
1013_____0613,VogueRunway
1013_____0613,WIRED
1013_____0613,YOUTH_LUV_BTS
1013_____0613,YouTube
1013_____0613,ZER0XBLACK
1013_____0613,_golden_gate_
1013_____0613,aakgneo
1013_____0613,akmuph_clips
1013_____0613,archivepjms
1013_____0613,arenahommeplus
1013_____0613,bangtan_lab
1013_____0613,bangtanlab0613
1013_____0613,billboard
1013_____0613,billboardcharts
1013_____0613,blackxagustdMP4
1013_____0613,bt_bt_bts
1013_____0613,bts_bighit
1013_____0613,bts_love_myself
1013_____0613,bts_stylish
1013_____0613,choi_bts2
1013_____0613,coldplay
1013_____0613,coldplayxtra
1013_____0613,consequence
1013_____0613,daintyjimn
1013_____0613,docskim_
1013_____0613,eh_kook
1013_____0613,fila_korea
1013_____0613,fujiwara_g1
1013_____0613,funy7
1013_____0613,gram_for_
1013_____0613,gum__lotte
1013_____0613,haruharu_w_bts
1013_____0613,hourlyjmn
1013_____0613,jhopestudio
1013_____0613,jimintoday__
1013_____0613,jimoticons
1013_____0613,jmnsource
1013_____0613,kimchurros
1013_____0613,kimseokjingifs
1013_____0613,ksj4everr
1013_____0613,latelateshow
1013_____0613,lavande_bts
1013_____0613,liIjiminvert
1013_____0613,lizzo
1013_____0613,maroArmy26
1013_____0613,metmuseum
1013_____0613,morethan88
1013_____0613,nprmusic
1013_____0613,parkjiminpics
1013_____0613,peachcrushJK
1013_____0613,pentel_pepe
1013_____0613,people
1013_____0613,piecesofmind_jm
1013_____0613,rollingstonejp
1013_____0613,sanaf98
1013_____0613,seokjinfile
1013_____0613,slowstarter1013
1013_____0613,smash_media_jp
1013_____0613,sports_seoul_jp
1013_____0613,theeeyoongi
1013_____0613,theestallion
1013_____0613,thehyun11
1013_____0613,unison_twt
1013_____0613,vantegifs
1013_____0613,vmas
1013_____0613,voguejp
1013_____0613,weverseofficial
1013_____0613,wmag
1015maakuu,0208tsuna
1015maakuu,02Kotona
1015maakuu,0504_kouga
1015maakuu,0918O
1015maakuu,0__skri__1
1015maakuu,0ksiri0
1015maakuu,1015maakuu
1015maakuu,14MaiusHR
1015maakuu,21sku
1015maakuu,2Sau3
1015maakuu,417sskm
1015maakuu,4dm93
1015maakuu,746monburan
1015maakuu,7722ty
1015maakuu,7dream_com
1015maakuu,81pro_official
1015maakuu,8689_c3
1015maakuu,87heroism
1015maakuu,8xx2d
1015maakuu,9baMelo
1015maakuu,A3_event_Vol3
1015maakuu,AkioOtsuka
1015maakuu,Alcedo_atthis05
1015maakuu,Anazuresky2
1015maakuu,Archillct
1015maakuu,BBBBB_2580
1015maakuu,BETSUMAGAnews
1015maakuu,BakemonJu
1015maakuu,Bamboiselle_PRM
1015maakuu,Berry_1st
1015maakuu,Billboard_JAPAN
1015maakuu,CKumacom
1015maakuu,CLAMP_news
1015maakuu,CatKett
1015maakuu,ColorcleO
1015maakuu,DaikiTsuneta
1015maakuu,DiorBeautyJP
1015maakuu,Doggy_KisaragiM
1015maakuu,Emp_taharateen
1015maakuu,FNEX_OFFICIAL
1015maakuu,FURYU_prize
1015maakuu,Fuwa_Minato
1015maakuu,GAME_KNIVES_OUT
1015maakuu,GINTAMA_PR
1015maakuu,GYAO_Anime
1015maakuu,Gashapon_Bandai
1015maakuu,HA_RI_NO
1015maakuu,HutCat
1015maakuu,I_gube
1015maakuu,Ich_mag_B_C_F_M
1015maakuu,Illust_Man_2020
1015maakuu,InosukeWorkout
1015maakuu,Itigomilk_1110
1015maakuu,JUMP_j_BOOKS
1015maakuu,KIYORO2
1015maakuu,Kanae_2434
1015maakuu,Kanaria390
1015maakuu,Kawahara_Emu
1015maakuu,KhApRd_1
1015maakuu,Kirai_dark
1015maakuu,Kirschtort3
1015maakuu,Kouta_nogi46
1015maakuu,Levi160cm1225
1015maakuu,Levis_Japan
1015maakuu,Lisatan222_oO
1015maakuu,M5xCwADjWt2aYXk
1015maakuu,MAPPA_Info
1015maakuu,MENSNONNOJP
1015maakuu,Megumi_Ogata
1015maakuu,Mildom_Official
1015maakuu,Mimi4_TV
1015maakuu,Mintoish
1015maakuu,Moon_driving
1015maakuu,My_key8919
1015maakuu,NHK_PR
1015maakuu,Nazu700
1015maakuu,NemunokiVVV
1015maakuu,NetflixJP_Anime
1015maakuu,No9Pi
1015maakuu,OwOpAKNq
1015maakuu,Pocky_Sweets
1015maakuu,QWplus
1015maakuu,Quartetbintroll
1015maakuu,RONNNNNNNNNRON
1015maakuu,RYOTANAKAMURAN1
1015maakuu,Ras9915
1015maakuu,RuneFactory_PR
1015maakuu,S0311_tre
1015maakuu,SAIKYO_JUMP
1015maakuu,SakuranoTou_ex
1015maakuu,Satoru_191
1015maakuu,SiranaiGood_bot
1015maakuu,Sub_Reid
1015maakuu,Suranatsu
1015maakuu,SymaG2525
1015maakuu,TOHOanimation
1015maakuu,TOHOanimeSTORE
1015maakuu,T_FANSITE
1015maakuu,TsuyoshiArashi
1015maakuu,UNIQLO_JP
1015maakuu,UNITED_CINEMAS
1015maakuu,Vamp_Kuzu
1015maakuu,VodkaChaso
1015maakuu,WLNGTO
1015maakuu,XCpic
1015maakuu,YUYA88888888888
1015maakuu,Yell_Man_Mon
1015maakuu,YoshizawaYossi
1015maakuu,YuliceChan
1015maakuu,ZARA
1015maakuu,Zrame_K639
1015maakuu,_AkaneDeath
1015maakuu,___1995h_
1015maakuu,__vampr__
1015maakuu,_kiyotsugu
1015maakuu,_mqm_____
1015maakuu,_nukomaru
1015maakuu,_shuto_filmsss
1015maakuu,_teruyukikagawa
1015maakuu,abilletage
1015maakuu,aiko_aaaaa
1015maakuu,aineko37
1015maakuu,akiko_lawson
1015maakuu,akinecoco987
1015maakuu,akinko_300
1015maakuu,akm_ag
1015maakuu,akodchu
1015maakuu,amadori_vtb
1015maakuu,amano_mi_tan
1015maakuu,ambercrollo
1015maakuu,ammm_0125
1015maakuu,amuse8
1015maakuu,anfidrhdcj
1015maakuu,animateonline
1015maakuu,anime_eightysix
1015maakuu,anime_shingeki
1015maakuu,animejujutsu
1015maakuu,ank_fanart
1015maakuu,aonogrn
1015maakuu,aranarumey_info
1015maakuu,arashi5official
1015maakuu,ariyoshieeeee
1015maakuu,ariyoshihiroiki
1015maakuu,asaandumi
1015maakuu,atsushilonboo
1015maakuu,auki999
1015maakuu,axiz_and_nico
1015maakuu,ayakoharun918
1015maakuu,azukimame0814
1015maakuu,azul_by_moussy
1015maakuu,banjin___
1015maakuu,baran0214
1015maakuu,bintrollZ
1015maakuu,bmyoshida
1015maakuu,bozu_108
1015maakuu,ccsakura_info
1015maakuu,cgkstuy_pome
1015maakuu,chashiba_katase
1015maakuu,chia___chan
1015maakuu,chiamin2021
1015maakuu,cinnamon_sanrio
1015maakuu,coiai5U
1015maakuu,colopl_quiz
1015maakuu,colorcle_
1015maakuu,comic_natalie
1015maakuu,dmsco1803
1015maakuu,dmwn010
1015maakuu,dojobbass
1015maakuu,drbell_sensei
1015maakuu,dream_168
1015maakuu,edoya1
1015maakuu,eeeno1218
1015maakuu,egutakuya
1015maakuu,enokidake_mijin
1015maakuu,enonon122
1015maakuu,eri_syumi
1015maakuu,famima_now
1015maakuu,fashionsnap
1015maakuu,flower_posts
1015maakuu,fugutori
1015maakuu,fuji_mitsuya
1015maakuu,fukiki__
1015maakuu,gakudai_koujou
1015maakuu,gangan_joker
1015maakuu,gatariblue
1015maakuu,gendai_biz
1015maakuu,gentleeeeeeecat
1015maakuu,gfpooww
1015maakuu,gimaki_4002
1015maakuu,gintamamovie
1015maakuu,girlsside573
1015maakuu,gm_wkk
1015maakuu,goodsjujutsu22
1015maakuu,gsc_mechasmile
1015maakuu,gu_global
1015maakuu,gypsophila_ryo
1015maakuu,hachi_08
1015maakuu,hagane_mobile
1015maakuu,hakohako29
1015maakuu,hakotaro85
1015maakuu,hamadai_azu8
1015maakuu,hamaitachi
1015maakuu,hame2ha_DAIOU
1015maakuu,hana327419
1015maakuu,hanae0626
1015maakuu,haru_ko1209
1015maakuu,haruta_027
1015maakuu,harutomo_spring
1015maakuu,heavypoint_tony
1015maakuu,hemptyempty
1015maakuu,heroaca_anime
1015maakuu,heroaca_movie
1015maakuu,higeoyaji
1015maakuu,higu_anime
1015maakuu,hima_zatugaku
1015maakuu,hiromi_styles
1015maakuu,hitode_0514
1015maakuu,hiyorimafmeg
1015maakuu,hm_36xx
1015maakuu,horikoshiko
1015maakuu,horimiya_anime
1015maakuu,hrpk_rac
1015maakuu,i_san_derodero
1015maakuu,iidashouta
1015maakuu,inoueart
1015maakuu,instagram
1015maakuu,intention_staff
1015maakuu,itm_nlab
1015maakuu,iyashimatome
1015maakuu,jewelblooming
1015maakuu,jijiooe
1015maakuu,jin_hichi
1015maakuu,jinguji777ch
1015maakuu,jiraic_bintroll
1015maakuu,juju_animetoka
1015maakuu,jujutsu3199
1015maakuu,jujutsu_PR
1015maakuu,jujutsu_cafe
1015maakuu,jujutsu_goods
1015maakuu,jump_henshubu
1015maakuu,jumpshoptokyo
1015maakuu,jyujyutu_001
1015maakuu,k40ko
1015maakuu,kaikaikitan
1015maakuu,kamadakamam
1015maakuu,kami_siryu
1015maakuu,kaname_top2
1015maakuu,kanon_shiranoi
1015maakuu,kappamaru777
1015maakuu,karakon_ba
1015maakuu,karasuke_m
1015maakuu,karen__iizumiii
1015maakuu,kgskze
1015maakuu,kim__chorong
1015maakuu,kimetsu3199
1015maakuu,kimetsuHINOKAMI
1015maakuu,kimetsu_joho
1015maakuu,kimetsu_off
1015maakuu,kiwbvi
1015maakuu,kiyoububblism
1015maakuu,kkskzz
1015maakuu,koebiebisou
1015maakuu,koguredesu
1015maakuu,kokoplamen
1015maakuu,konooto_anime
1015maakuu,kotobukiya_2han
1015maakuu,kuhinatataku
1015maakuu,kuoskigh12405
1015maakuu,kuraika3
1015maakuu,kuzuha_staff
1015maakuu,kyokou_suiri
1015maakuu,kyotansan_0321
1015maakuu,l_i_n_e_l_i_n_e
1015maakuu,lawsonmulticopy
1015maakuu,limodom
1015maakuu,livedoornews
1015maakuu,lnFeeling
1015maakuu,londonhearts_sp
1015maakuu,love_vita_01
1015maakuu,luzabs
1015maakuu,ma26_trhk
1015maakuu,manray_skin
1015maakuu,maquia_magazine
1015maakuu,maru_maruer
1015maakuu,marugaomake
1015maakuu,mashiro_gt
1015maakuu,matsu_bouzu
1015maakuu,maxillajp
1015maakuu,mayoi_hell02
1015maakuu,mayu_salute
1015maakuu,mb_b01
1015maakuu,meecomeeco1
1015maakuu,meecosme_
1015maakuu,meynico
1015maakuu,mg_m_mg
1015maakuu,michikake16
1015maakuu,mikohand
1015maakuu,miku__design
1015maakuu,mito_mito83
1015maakuu,mitsuru_jujut
1015maakuu,mizuho_a_10
1015maakuu,mkcf_CP
1015maakuu,mkgxsig
1015maakuu,mn_4ma
1015maakuu,mobpsycho_anime
1015maakuu,mochiya0504
1015maakuu,mog_ky
1015maakuu,mondayfear
1015maakuu,monpoke_jp
1015maakuu,motomikyosuke
1015maakuu,motooinushimo66
1015maakuu,moyashi__oishii
1015maakuu,mthsp2
1015maakuu,mu_mashu
1015maakuu,mutyatya240
1015maakuu,mya_ji3
1015maakuu,myheroacademia
1015maakuu,mymelomelo610
1015maakuu,n17RhSFza7gy050
1015maakuu,n_w_n_a_n
1015maakuu,naajuunaa
1015maakuu,nagasesarasa
1015maakuu,nagominternet
1015maakuu,nakamanian
1015maakuu,nakamuraFF11
1015maakuu,namida_a2
1015maakuu,nanana_01724u2
1015maakuu,naoanyuzu
1015maakuu,natadecoco0315
1015maakuu,nazumu__
1015maakuu,nekomacaron_
1015maakuu,nekono_shippooo
1015maakuu,nhk_animeworld
1015maakuu,nijisanji_app
1015maakuu,nino0120444
1015maakuu,nino617hnk
1015maakuu,nko_pnkt
1015maakuu,nnnn_nemui
1015maakuu,nog_ak
1015maakuu,nojitv
1015maakuu,nonnokmt
1015maakuu,nonomiya2_3ars
1015maakuu,nonsense_eye
1015maakuu,noxxxtwin
1015maakuu,nqrse
1015maakuu,numabegiwa
1015maakuu,numanosoko_413
1015maakuu,oO0Eve0Oo
1015maakuu,oTAMAG0HANo
1015maakuu,og_takosu
1015maakuu,oguraxaoi
1015maakuu,ojyamatakusi
1015maakuu,ok_nobuhiko
1015maakuu,omoch1_1
1015maakuu,onipro
1015maakuu,ono_kensho
1015maakuu,oricon_anime_
1015maakuu,osakana_sleepy
1015maakuu,ousuke_blossom
1015maakuu,pantarheio8
1015maakuu,patsuoruta_ss
1015maakuu,peccori_45
1015maakuu,peco_meru
1015maakuu,penta326
1015maakuu,phpal6Ra4DtOsFX
1015maakuu,pint47
1015maakuu,pipipi515123456
1015maakuu,pipipi816
1015maakuu,plundereranime
1015maakuu,potosu136
1015maakuu,puchohenzaa
1015maakuu,qin_x5
1015maakuu,r__suku
1015maakuu,rakka_U0619
1015maakuu,rantee_beauty
1015maakuu,rarara__c
1015maakuu,rcsm_glc
1015maakuu,rei_Toya_rei
1015maakuu,reprica666
1015maakuu,ringo_inuS
1015maakuu,rintaro_maro
1015maakuu,romiansaran
1015maakuu,room_leo_info
1015maakuu,room_vault
1015maakuu,root_248
1015maakuu,rosa27mi
1015maakuu,round1_amprize
1015maakuu,rurudo_
1015maakuu,ryo_staff
1015maakuu,ryocoryocoryoco
1015maakuu,ryosuketarou
1015maakuu,sachiel_chan
1015maakuu,saitooooouum
1015maakuu,sato_cosme
1015maakuu,satopuriko
1015maakuu,saworinrin_9
1015maakuu,seki0908
1015maakuu,sekito_kitton
1015maakuu,sherbet_a13
1015maakuu,shiba_hakka1228
1015maakuu,shiki__no
1015maakuu,shimo0078
1015maakuu,shimono_kousiki
1015maakuu,shincho_yusha
1015maakuu,shindo_jump
1015maakuu,shio_vy832
1015maakuu,shnimohus
1015maakuu,shonenjump_plus
1015maakuu,shonenmagazine1
1015maakuu,sia8mob
1015maakuu,sionigiri114514
1015maakuu,siori0092
1015maakuu,sirakawamakoto
1015maakuu,sk_jkg7
1015maakuu,soraruru
1015maakuu,sotonami
1015maakuu,soukatsu_
1015maakuu,souko_kaisen
1015maakuu,spyfamily_anime
1015maakuu,story_if
1015maakuu,style_works0705
1015maakuu,sugitaLOV
1015maakuu,suzuri_KUKN
1015maakuu,syatomi_
1015maakuu,tacumi__5U
1015maakuu,tacumi__a3
1015maakuu,takeo72
1015maakuu,tatsumura_jisai
1015maakuu,tii_trade
1015maakuu,tkmsb_tube
1015maakuu,tochu_sports
1015maakuu,toho_movie
1015maakuu,toman_official
1015maakuu,tomatoast_pizza
1015maakuu,tomkureson
1015maakuu,tomo0723sw
1015maakuu,tonoM6devil
1015maakuu,torunitarazu
1015maakuu,totakekesokuhou
1015maakuu,totsuzen_kuru
1015maakuu,tottokopoupou
1015maakuu,ttttto_ma
1015maakuu,tugumo_Division
1015maakuu,turrrn_left
1015maakuu,twitkocheng
1015maakuu,tyomateee
1015maakuu,tyomateee2
1015maakuu,uVsVcC8ZDCe3Die
1015maakuu,ufotable
1015maakuu,ug0nba
1015maakuu,umami_mee_2nd
1015maakuu,unnatural_tbs
1015maakuu,unogame_japan
1015maakuu,unou_mha
1015maakuu,ursk420
1015maakuu,uruharushia
1015maakuu,usadapekora
1015maakuu,uz_xnt
1015maakuu,vanitas_anime
1015maakuu,vsdamashii_vs
1015maakuu,vvkawa_kanavv
1015maakuu,vxsuals
1015maakuu,watanabe_naomi
1015maakuu,wcat_project
1015maakuu,wed_downtown
1015maakuu,wonowono__3
1015maakuu,wwww_bot
1015maakuu,xxgojoxx
1015maakuu,xy0568829
1015maakuu,y2ySrJIU8CaTA3a
1015maakuu,y8u8i
1015maakuu,y_udumi
1015maakuu,yakitori_0
1015maakuu,yapento
1015maakuu,yayu_spring
1015maakuu,yoasobi_ABEMA
1015maakuu,yoshi44__
1015maakuu,yoshidafla
1015maakuu,yto__q
1015maakuu,yu_kari_to
1015maakuu,yuiphoto2
1015maakuu,yukamaitachi
1015maakuu,yuyuyu1111yy
1015maakuu,yuzumira
1015maakuu,zassyu2_ero
1015maakuu,zazi_vasyuca
1015maakuu,zepechan
1015maakuu,zirconia0519
105teg_rin,75nkm
105teg_rin,KFC_jp
105teg_rin,Mst_com
105teg_rin,STORY_project_4
105teg_rin,SmashBrosJP
105teg_rin,TBSCDTV
105teg_rin,Umi_babe
105teg_rin,YuiHikarii
105teg_rin,YuyaTegoshi1054
105teg_rin,YuyaTegoshiInfo
105teg_rin,_yuuun_s2
105teg_rin,aoistayhome
105teg_rin,dhits_jp
105teg_rin,doubutsuno_mori
105teg_rin,eins_himmel
105teg_rin,hajimesyacho
105teg_rin,hinata_0421
105teg_rin,hiroki_ido
105teg_rin,jimbocho_manzai
105teg_rin,joqrpr
105teg_rin,kk_official1054
105teg_rin,mamadaystv
105teg_rin,minakobachan
105teg_rin,rich_mimiminomi
105teg_rin,sennheiserjapan
105teg_rin,shiki_jp
105teg_rin,sstvplus
105teg_rin,tegonyan_cafe
105teg_rin,tegonyan_nyai
105teg_rin,the_Vambi
105teg_rin,the_vamyun
105teg_rin,umikun_staff
105teg_rin,y_ukirinu
105teg_rin,yamaimayamai
105teg_rin,yukirin_u
105teg_rin,yunn_sub
105teg_rin,yuyategoshi_fc
10_pu,0000_9999
10_pu,0rororeo
10_pu,12k13y20_0124
10_pu,230baby
10_pu,237819373303947
10_pu,258d570a5e994fd
10_pu,288os
10_pu,2_verite_9
10_pu,3h4m1
10_pu,501momo501
10_pu,5711Nakasin
10_pu,59cocoa7
10_pu,5KecqTPiLydnR2y
10_pu,5rvbC46SehfjeG1
10_pu,76together
10_pu,9GAG
10_pu,ANIMAREAL_ichi
10_pu,ARuFa_FARu
10_pu,AiNn0825801
10_pu,AkioOtsuka
10_pu,AriaClay
10_pu,BAAHUBALI2JAPAN
10_pu,BELL_1030
10_pu,BrunoMars
10_pu,CuSO4_suiwabutu
10_pu,Dekopon_56
10_pu,DisabledAnimals
10_pu,EVERYDAYSUNDAY_
10_pu,EzoYamazaki00
10_pu,FNN_News
10_pu,FakeYashu
10_pu,Ghoost_writer
10_pu,GoAkashin
10_pu,HEISEI_love_bot
10_pu,HG7654321
10_pu,Himeyurrrrry
10_pu,InosukeWorkout
10_pu,JP_GHIBLI
10_pu,JamiroquaiHQ
10_pu,KAGAYA_11949
10_pu,Kira_Shino03
10_pu,LiSA_OLiVE
10_pu,M0M0_1712
10_pu,M1bn09bXeW60mEq
10_pu,MIYAVI_OFFICIAL
10_pu,MIYAVI_STAFF
10_pu,MTH_OFFICIAL
10_pu,Matsya_
10_pu,Messiah_ore
10_pu,MichikaOnoda
10_pu,NatsumeYujincho
10_pu,Natsume_Nyanko
10_pu,Negikatsu7
10_pu,NekonaviJP
10_pu,NemomoAlice
10_pu,ONEOKROCK_japan
10_pu,Otojya
10_pu,PKAnzug
10_pu,RADWIMPS
10_pu,Rubonaru
10_pu,ShinShinohara
10_pu,ShlUJpsAk3nOEVX
10_pu,Silver_Cat_R
10_pu,SuamaUMUM3
10_pu,Sugar0308
10_pu,Suzu_ken2
10_pu,SweetsShizuka
10_pu,TTI304
10_pu,TomotukaHaruomi
10_pu,TsuyoshiWood
10_pu,VIVID_SF
10_pu,Violet_Letter
10_pu,Wacoal_News
10_pu,Weggy_MoveBody
10_pu,Wwmajidesorena
10_pu,YL7uH1EifkJQB91
10_pu,YoheiKoike
10_pu,YojiNoda1
10_pu,Yuugashoko94
10_pu,_ZWW
10_pu,_mizutonatsu_
10_pu,_suichuka_
10_pu,_tatsuyaendo_
10_pu,_trpg28
10_pu,a_suenami
10_pu,abichason03
10_pu,ageomao
10_pu,ahirun22
10_pu,ahobon_umelu
10_pu,ahondara_hit
10_pu,air_o_of_mdkjp
10_pu,ajifurai505
10_pu,akodchu
10_pu,angel017reina
10_pu,anime_jojo
10_pu,anno_moyoco
10_pu,araki_jojo
10_pu,arata0402
10_pu,arinacchi
10_pu,aszwkamakura
10_pu,atype55
10_pu,b09a2032c
10_pu,baguroya
10_pu,bikke_the_chip
10_pu,blackse
10_pu,bono_kichi
10_pu,bou128
10_pu,bull_address
10_pu,carameliser1104
10_pu,chankira_
10_pu,chigusasoichi
10_pu,chiikawa_kouhou
10_pu,chipie0826
10_pu,chogo2009
10_pu,chota2048
10_pu,comic_natalie
10_pu,corgi_darake
10_pu,corgi_mugi
10_pu,deme__hinode
10_pu,doubutsuno_mori
10_pu,doux_repos
10_pu,esasi8794
10_pu,fReGK56DkVfY3Qf
10_pu,famima_now
10_pu,fgoproject
10_pu,fmfm1214
10_pu,fooduz
10_pu,fuji_ayako
10_pu,fwfwnzn
10_pu,gokayajin
10_pu,hachi_08
10_pu,hanuchisa
10_pu,happykonoppy
10_pu,heine_sn
10_pu,hidekiccan
10_pu,hikaru_illust
10_pu,hirokokokoron
10_pu,hiroshikasaku
10_pu,holaestoexiste
10_pu,hyogonosuke
10_pu,iJaQ8CiVW6OPN9M
10_pu,ichibanKUJI
10_pu,ichiiro_hako
10_pu,ikatarofu
10_pu,ina_nanana
10_pu,inouekazuhiko
10_pu,ipnot
10_pu,irimizu
10_pu,iroha_WCP1011
10_pu,is_edyh
10_pu,isshikimiho
10_pu,itikogi
10_pu,izakayamarichan
10_pu,jazzsan
10_pu,joh020914
10_pu,joujinakata123
10_pu,joutaro195
10_pu,joymanjoyman
10_pu,jpPlayOverwatch
10_pu,justmoolti
10_pu,k_marudashi
10_pu,kanahei_
10_pu,kanahei_animals
10_pu,kanahei_reply2
10_pu,karin_06_07
10_pu,karin_20036
10_pu,karin__exid
10_pu,katohhhhhh
10_pu,kawa_ii_uso
10_pu,kazyHata
10_pu,kb_klein
10_pu,kinagomu0706
10_pu,kinro_ntv
10_pu,kokopapagram
10_pu,ksyjkysk
10_pu,kunnkouta
10_pu,kuroha142
10_pu,kuuchan_kumaho
10_pu,kyuryuZ
10_pu,lion007
10_pu,livedoornews
10_pu,lommy_y
10_pu,luciola_mk
10_pu,ly_rone
10_pu,m_oxo
10_pu,maaco414
10_pu,macspmy
10_pu,magus_bride
10_pu,mahoyomeproject
10_pu,maip_7i2
10_pu,manamimario
10_pu,manga_m
10_pu,maru_ini28
10_pu,marukatsunara
10_pu,matsutake_cat
10_pu,meer_kato
10_pu,meetissai
10_pu,megabass_5963
10_pu,meggayamannai
10_pu,miabyss_anime
10_pu,michaelsenbay
10_pu,midorikawa_yk
10_pu,miiiii47chan
10_pu,minnecom
10_pu,misato08280
10_pu,mitiruxxx
10_pu,mitoconcon
10_pu,miyasita_hiroki
10_pu,moe8969
10_pu,mohihh
10_pu,moriyama_ena
10_pu,muchi21067312
10_pu,mugimugi_trr
10_pu,musubi_liv
10_pu,mytime_3110
10_pu,myumyulovemyu
10_pu,n_dogbike
10_pu,nagashi38119733
10_pu,namsterdams
10_pu,naocolle
10_pu,neco_engineer
10_pu,necochanribon16
10_pu,neko_fuyunosuke
10_pu,neko_saikoudesu
10_pu,nekolabo1
10_pu,nekomonet
10_pu,ngnchiikawa
10_pu,nhk_sendai
10_pu,nikkuni373
10_pu,nksy01b
10_pu,no818
10_pu,norun9
10_pu,o__t__k__
10_pu,okazakiokaa
10_pu,okuhanako
10_pu,omochi_nam01
10_pu,omocoro
10_pu,onoderasan001
10_pu,ore825
10_pu,otsuichich
10_pu,papapin_blog
10_pu,pasumondo
10_pu,petit2_m
10_pu,ponpon_2501
10_pu,potg333
10_pu,ps20xx
10_pu,pyonta_F
10_pu,rahato190
10_pu,riebento
10_pu,riesakamoto
10_pu,rikukamehameha
10_pu,rock78rock
10_pu,romiansaran
10_pu,rskdze
10_pu,ryosuketarou
10_pu,saitwu
10_pu,sakume_ow
10_pu,sannoji30
10_pu,sarekochan
10_pu,sarperduman
10_pu,satobf
10_pu,satorunoda
10_pu,shiinakira
10_pu,shinohara_kenta
10_pu,shitara_ryo
10_pu,shitsuren_song
10_pu,shu1aso
10_pu,shuka_info
10_pu,siroyagishugo
10_pu,smt_FBD
10_pu,sn20100709
10_pu,solla_sido3
10_pu,sonic_x12
10_pu,sputnik_jp
10_pu,spy_ne
10_pu,straw212
10_pu,surigoma2012
10_pu,sweetroad5
10_pu,tabechau_kaiju
10_pu,takayukitako
10_pu,takuya_hakone
10_pu,tarareba722
10_pu,tea_camoil
10_pu,teritre_doll
10_pu,tktktktk0004
10_pu,totakekesokuhou
10_pu,truth0129
10_pu,trzr_panda
10_pu,tukushiA
10_pu,tyomateee
10_pu,tyomateee2
10_pu,u63fihcscy
10_pu,virtual_rabbit
10_pu,w_onderfullif_e
10_pu,waron_games
10_pu,washihoshi
10_pu,watchwatcher6
10_pu,woouuchan
10_pu,wpcUmbrella
10_pu,x_cr8j
10_pu,xxhama2
10_pu,yanaginagi
10_pu,yanaginagi_info
10_pu,yashi09
10_pu,yatarou178
10_pu,yeskiri
10_pu,yuchi030722
10_pu,yukinoko2020
10_pu,yukio110613
10_pu,yukiyama_27
10_pu,yume_yodogawa
10_pu,yunc24291
11160565,00122reo00
11160565,0220nicole
11160565,0714Musa
11160565,0904emu
11160565,1106Frank
11160565,1baseball16
11160565,1dM18ktt9EfEZwe
11160565,22_crychris
11160565,44da30ri
11160565,4NT1_D34D
11160565,66kazuma66
11160565,6asu_yo_6
11160565,7mayaland
11160565,7taizai_GrandX
11160565,83Xx_8
11160565,8hC39
11160565,AAAAAGGHHHH
11160565,ANGYAMAN
11160565,AikoSama_
11160565,Allison700AT
11160565,AzazMrk
11160565,BLACKPINKGLOBAL
11160565,BLACKPINKJP_com
11160565,BNcoTeWvDSqbIOJ
11160565,BS7_mikiclinic
11160565,BaseballR_Y
11160565,Bos25__c
11160565,CRFnanamin
11160565,CallofDutyJP
11160565,Campaign_Otaku
11160565,ChampionsLeague
11160565,DAZN_JPN
11160565,Dekopon_56
11160565,DemizuPosuka
11160565,DribbleDesigner
11160565,DuSud1211
11160565,EAA_tw
11160565,Ebi2Et
11160565,Edano_san
11160565,EpicGamesJP
11160565,FCBayern
11160565,FSucreOff
11160565,FortniteBR
11160565,FortniteJP
11160565,Ft9C0JGwSiDeBRS
11160565,Fumi130301
11160565,GFB11_TENSK
11160565,GoalJP_Official
11160565,HEISEI_love_bot
11160565,Hennyu_kawauso
11160565,Hisa0808
11160565,IchigoIchieFilm
11160565,JOJOkirst
11160565,JYPETWICE
11160565,J_League
11160565,Jewex3
11160565,KMOoutsold
11160565,KaiExG
11160565,Kamida_0109
11160565,KaoruGans0
11160565,Kawaiipettv
11160565,King47Ynwa
11160565,KinpatsuKomeya
11160565,Kneko__
11160565,Kstyle_news
11160565,Kubaani
11160565,L4zyAlone
11160565,LINELIVE_JP
11160565,LRGjEU3TrBXwmtb
11160565,LaLiga
11160565,Larkiz_
11160565,LifeisMagicalll
11160565,MH_official_JP
11160565,MasatoYokosawa
11160565,MatsuiRyosuke
11160565,Mentalist_DaiGo
11160565,Merry_new0
11160565,Met_Man927
11160565,MikuruAsakura
11160565,Minato3710220
11160565,N_onaAnot
11160565,NyantakoGG
11160565,PC_no_Naka
11160565,PortalJisoo_
11160565,QRqJtdu2FWEdqfk
11160565,RVsmtown
11160565,Radiosonde2nd
11160565,Rainbow6Game
11160565,Raphael05166140
11160565,RecordsCaffeine
